逞筆模試1,1,1,謗りに繊毫の<span class='word'>ツウヨウ</span>も感ぜず。,痛痒、痛癢,①痛みとかゆみ。②自分が受ける利害や影響。さしさわり。
逞筆模試1,2,2,感冒に<span class='word'>カカ</span>り牀褥に静養する。,罹,病気になる。いやな目にあう。被害をこうむる。
逞筆模試1,3,3,逮夜の葎に<span class='word'>スダ</span>く虫の音。,集,虫などが群がって鳴く。
逞筆模試1,4,4,夕立で道が<span class='word'>ヌカ</span>っている。,濘,雨などで道がどろどろになる。
逞筆模試1,5,5,霊験あらたかな山河を<span class='word'>バッショウ</span>する。,跋渉,山野を越え、川を渡ること。各地を歩きまわること。
逞筆模試1,6,6,依然として<span class='word'>サンスク</span>みの状態である。,三竦,三者が互いに牽制しあって、だれも自由に行動できないこと。
逞筆模試1,7,7,切歯扼腕して<span class='word'>フクシュウ</span>を誓う。,復讐,仇をかえすこと。仕返し。報復。
逞筆模試1,8,8,<span class='word'>サイ</span>の河原の石を積む。,賽,賽の河原＝子どもが死ぬと行くといわれる、冥途の河原。また、それまで積み重ねてきた努力が無駄になるたとえ。
逞筆模試1,9,9,紅白<span class='word'>キカク</span>の勢をなす。,掎角,①前後から敵を攻撃すること。②両雄が相対して争うこと。
逞筆模試1,10,10,八百屋の蔬菜を<span class='word'>ヒンシツ</span>する。,品騭,品定め。品評。
逞筆模試1,11,11,身に<span class='word'>ランル</span>を纏い、風采は瀟洒を欠く。,襤褸,使い古した布きれ。また、古くなって破れた衣服。ぼろ。
逞筆模試1,12,12,患部を矯めつ<span class='word'>スガ</span>めつ診ている。,眇,①片目を細めて見る。②片目をつぶり、あるいは細めてねらいをつけて見る。
逞筆模試1,13,13,一朝にして<span class='word'>カイジン</span>に帰す。,灰燼,灰と燃えかす。
逞筆模試1,14,14,<span class='word'>コメツ</span>き飛蝗のようなお辞儀。,米搗、米舂,玄米をついて糠を除き、白米にすること。精米すること。また、その仕事をする人。※米搗き飛蝗＝人に頭をぺこぺこ下げて機嫌をとる人をあざけっていう語。
逞筆模試1,15,15,驍名を遠近<span class='word'>トヒ</span>に馳せる。,都鄙,都会と田舎。
逞筆模試1,16,16,積年の忿りが<span class='word'>トヒ</span>に蟠屈する。,肚皮,① 腹の皮。② 腹の中。心の中。
逞筆模試1,17,17,晴れやかに<span class='word'>コウショウ</span>して空を仰ぐ。,哄笑,大勢の人が大声で笑うこと。どよめき笑うこと。
逞筆模試1,18,18,砲兵<span class='word'>コウショウ</span>跡地を訪れる。,工廠,旧陸海軍に直属した軍需品工場。
精選演習,1,19,<span class='word'>サッソウ</span>と舞台に登場した。,颯爽,人の態度や動作などがきびきびして、さわやかに感じられるさま。
精選演習,2,20,前社長が名誉顧問に<span class='word'>スイバン</span>された。,推輓、推挽,人を適任者として、ある地位につけるよう言葉を添えてすすめること。推薦、推挙。
精選演習,3,21,燃え盛る<span class='word'>カガリビ</span>が空を焦がす。,篝火,夜間の警備や漁猟に照明としてたく火。かがり。
精選演習,4,22,<span class='word'>バイキン</span>がはびこる汚濁地帯と化す。,黴菌,①細菌のうち、人畜に有害なものの総称。②有害なもののたとえ。
精選演習,5,23,チームの<span class='word'>タガ</span>が緩んでエラーが続出した。,箍,桶や樽の周りにはめる、竹や金属製の輪。
精選演習,6,24,逃走を<span class='word'>ホウジョ</span>し従犯とされた。,幫助,①力を添えて助けること。②他人の違法な行為の実行を助ける行為。従犯。
精選演習,7,25,世を<span class='word'>シンカン</span>させた残虐な事件だ。,震撼,ふるえ動くこと。また、ショックを与えること。
精選演習,8,26,全身に力が<span class='word'>ミナギ</span>る。,漲,①水の勢いが盛んになる。水が満ちてあふれる。②あふれるほどに満ち広がる。
精選演習,9,27,黄金の鴟尾が<span class='word'>サンゼン</span>と輝く。,燦然、粲然,あざやかに光り輝くさま。きらめくようす。
精選演習,10,28,人心から<span class='word'>カイリ</span>した政策である。,乖離,①わかれはなれること。②心が合わなくなってそむきはなれること。乖隔。離反。
精選演習,11,29,どう考えても<span class='word'>フ</span>に落ちない。,腑,腑に落ちない＝納得がいかない。合点がいかない。
精選演習,12,30,子供のように泣き<span class='word'>ジャク</span>っている。,噦,①しゃっくりをする。②しゃくり上げながら泣く。
精選演習,13,31,新雪は朝日をうけて<span class='word'>バラ</span>色に輝いた。,薔薇、薔,薔薇色＝①うすくれないの色。淡紅色。②希望・幸福などに満ちていることのたとえ。
精選演習,14,32,渓流の<span class='word'>セイレツ</span>な水でのどを潤す。,清冽,水などが冷たく清らかに澄んでいるさま。
精選演習,15,33,<span class='word'>キタン</span>のない意見を言ってほしい。,忌憚,いみはばかること。遠慮すること。
精選演習,16,34,口舌の徒を<span class='word'>ダカツ</span>の如く嫌った。,蛇蠍、蛇蝎,ヘビとサソリ。人がひどく恐れ、嫌うもののたとえ。
精選演習,17,35,南瓜の葉や茎が<span class='word'>シナ</span>びている。,萎,水分や生気を失いしわがよる。
精選演習,18,36,自己<span class='word'>ギマン</span>も甚だしい発言だ。,欺瞞,あざむき、だますこと。瞞着。
精選演習,19,37,着古して衣服の色が<span class='word'>サ</span>めた。,褪,色が薄れる。あせる。
精選演習,20,38,会場には紅白の<span class='word'>マンマク</span>が引かれた。,幔幕,式場や会場などのまわりに張り巡らす幕。
精選演習,21,39,巡視船が沖を<span class='word'>ユウヨク</span>している。,游弋、遊弋,①艦船が海上をあちこち見回って警戒すること。②鳥をとる遊猟。
精選演習,22,40,<span class='word'>ラデン</span>の硯箱を愛蔵している。,螺鈿,漆工芸の技法の一つ。オウムガイやアコヤガイなどの殻から真珠光を放つ部分を切り取った薄片を物の表面に埋めこみ、装飾とするもの。
精選演習,23,41,暮れ<span class='word'>ナズ</span>む鈍色の空を見上げた。,泥,①動作や状態がなかなか進行しないで停滞する。②なじんだものにこだわる。執着する。
精選演習,24,42,<span class='word'>イチル</span>の望みを手紙に託した。,一縷,①一本の糸。②ごくわずかなこと。ひとすじのつながり。
精選演習,25,43,羽織の脇に<span class='word'>マチ</span>を入れる。,襠,衣服や袋物で、幅や厚みの不足するところを補う布。
精選演習,26,44,<span class='word'>ギゼン</span>として聳え立つ霊峰を仰ぐ。,巍然,①山が高くそびえ立つさま。②人物がひときわすぐれているさま。
精選演習,27,45,<span class='word'>サゾ</span>お困りのことでしょう。,嘸,さだめし。きっと。さぞかし。
精選演習,28,46,町に<span class='word'>ショウイ</span>弾が降り注いだ。,焼夷,焼夷弾＝高熱を発して燃える薬剤を装置した爆弾・砲弾。家屋や人を破壊・殺傷することを目的とする。
精選演習,29,47,二人の間には少しの<span class='word'>ワダカマ</span>りもない。,蟠、磐、盤,①複雑な感情が心のなかに残ってさっぱりしない。気が晴れない。②輪のようにうずまく。曲がりくねってとぐろをまく。
精選演習,30,48,<span class='word'>ケンショウエン</span>になってテニスができない。,腱鞘炎,筋肉を骨に結合させている腱を包んでいる腱鞘に起こる炎症。腫れ・痛みなどを伴う。
精選演習,31,49,<span class='word'>ケイラ</span>隊を増強して防犯に努める。,警邏,非常事態に備えて見回りをすること。また、その人。パトロール。
精選演習,32,50,<span class='word'>ウカツ</span>にも時計を忘れてきた。,迂闊,注意力が足らずに、うっかりしているさま。
精選演習,33,51,疾走する馬の鬣が風に<span class='word'>ナビ</span>く。,靡,①風や水などの勢いによって、動いたり傾いたりする。②ある者の意志や威力にしたがう。また、はたらきかけられて、相手を好きになる。
精選演習,34,52,<span class='word'>トッサ</span>の判断が必要である。,咄嗟,一瞬のこと。短い時間。
精選演習,35,53,久し振りに先生の<span class='word'>ケイガイ</span>に接した。,謦咳,①せきばらい。②話したり笑ったりすること。
精選演習,36,54,川鵜が<span class='word'>ネグラ</span>に舞い戻ってきた。,塒,①ニワトリのねどこ。転じて、鳥の寝る所。巣。②人の泊まる所。
精選演習,37,55,<span class='word'>ホウロウ</span>引きの鍋で煮物をする。,琺琅,金属器や陶磁器の表面に、さび止めや飾りとして焼き付ける釉。また、焼きつけたもの。瀬戸引き・七宝焼など。
精選演習,38,56,鉦や太鼓で賑やかに<span class='word'>ハヤ</span>したてた。,囃,①声をかけたり手を打ったりして調子をとる。②囃子を演奏する。③口をそろえてひやかしたりほめたりする。
精選演習,39,57,巨大な<span class='word'>インセキ</span>の落下した跡がある。,隕石、殞石,流星が大気中で燃え切らず、地球上に落ちてきたもの。
精選演習,40,58,内海に点在する<span class='word'>トウショ</span>を遠望する。,島嶼、嶋渚,島。また、大小の島々。
精選演習,41,59,旧友の客死に<span class='word'>バンコク</span>の涙を注ぐ。,万斛,きわめて多い分量。
精選演習,42,60,<span class='word'>コケ</span>にされたと言って熱り立った。,虚仮,①真実ではないこと。いつわり。②分別のないこと。愚かなこと。ばか。
精選演習,43,61,君が口を出すと話が<span class='word'>コジ</span>れる。,拗,①物事が順調に運ばなくなる。②無理などをしたために、病気やけががなおりにくくなる。③ねじける。ひねくれる。
精選演習,44,62,<span class='word'>ヒョウキン</span>な仕種が笑いを誘った。,剽軽,明るく滑稽なさま。また、その言動や人。
精選演習,45,63,巣の中に<span class='word'>フカ</span>したばかりの雛を見た。,孵化、孚化,卵がかえること。また、卵をかえすこと。
精選演習,46,64,皮を<span class='word'>ナメ</span>して工芸品を製作する。,鞣,動物の毛皮の毛と脂肪を取り除き、薬品で処理して柔らかくする。
精選演習,47,65,事件の証人が何者かに<span class='word'>ラチ</span>された。,拉致,いやがる人を無理に連れ去ること。無理に引き連れること。
精選演習,48,66,ペルシャ織りの<span class='word'>ジュウタン</span>を敷く。,絨毯、絨緞,毛織物の一種で、床に敷く物。カーペット。
精選演習,49,67,数本あった<span class='word'>ウシ</span>をすべて処置した。,齲歯,虫歯。
精選演習,50,68,尺八を伴う<span class='word'>ソウキョク</span>を演奏する。,箏曲,ことを演奏する楽曲。ことで伴奏する声楽曲と、ことと他の楽曲とを合わせた器楽曲がある。
精選演習,51,69,失敗には目を<span class='word'>ツブ</span>ることにした。,瞑,目を閉じる。ふさぐ。また、見て見ぬふりをする。
精選演習,52,70,<span class='word'>ヨウカン</span>を厚目に切る。,羊羹,あんに砂糖や寒天を加えて、練ったり蒸したりして固めた菓子。
精選演習,53,71,長身<span class='word'>ハクセキ</span>の青年が質問に立った。,白皙,肌の色が白いこと。色白。
精選演習,54,72,両手の指が<span class='word'>フシクレ</span>立っている。,節榑,①材木に節が多く、でこぼこしている。②腕や指の骨や関節が、堅く盛り上がってごつごつしている。
精選演習,55,73,土中から<span class='word'>ドクロ</span>が発掘された。,髑髏,風雨にさらされて肉が落ち、むきだしになった頭蓋骨。されこうべ。しゃれこうべ。
精選演習,56,74,<span class='word'>テキガイシン</span>を剝き出しにする。,敵愾心,敵に対する憤りの気持ち。敵を憎み、怒りをあらわにして戦おうとする意気込み。
精選演習,57,75,人の情けに<span class='word'>スガ</span>って生きる。,縋、攀,①つかまって支えにする。しがみつく。②助けを求める。頼りとする。
精選演習,58,76,厳寒の<span class='word'>ミギリ</span>、風邪など召さぬよう。,砌,①おり。時節。手紙文などで用いる。②軒下や階段の下の石だたみ。敷石。
精選演習,59,77,斯界の<span class='word'>キシュク</span>と仰がれる大先達だ。,耆宿,経験豊かで学徳の備わった老人。宿老。
精選演習,60,78,<span class='word'>ビタ</span>一文まけることは出来ぬ。,鐚,①室町中期から明治初期にかけて使われた粗悪な銭貨。びた。②使い古した硬貨。
精選演習,61,79,心配は<span class='word'>キユウ</span>に終わった。,杞憂,心配しなくてもいいことを、むやみに憂え心配すること。
精選演習,62,80,刀を振り<span class='word'>カザ</span>して構えた。,翳,①頭上に掲げる。②物の上にさしかける。③額のあたりにおおいかける。
精選演習,63,81,法に背き社会の<span class='word'>ヒンセキ</span>を受ける。,擯斥,しりぞけてのけものにすること。排斥。
精選演習,64,82,人の弱点を<span class='word'>アゲツラ</span>う。,論、評,物事の是非や善悪をあれこれ論じる。ささいなことを言い立てる。
精選演習,65,83,鉄道が<span class='word'>フクソウ</span>した交通の要衝である。,輻輳、輻湊,いろいろな場所から物事が一か所に寄り集まること。混み合うこと。
精選演習,66,84,<span class='word'>ナズナ</span>粥を啜って邪気を祓う。,薺,アブラナ科の二年草。道端に自生。春、白い小さな四弁花をつけ、三味線のばちのような形の実を結ぶ。春の七草の一つ。ペンペングサ。
精選演習,67,85,<span class='word'>ジャコウ</span>は薬科としても使われる。,麝香,ジャコウジカの雄の下腹部から出る分泌物を乾燥させた香料。黒褐色の粉末で強い香気があり、薬科にも使用。
精選演習,68,86,日曜と祝日が<span class='word'>カ</span>ち合った。,搗,搗ち合う＝①ぶつかり合う。衝突する。②重なる
精選演習,69,87,仏前に<span class='word'>ハイキ</span>して一心に念ずる。,拝跪,ひざまずいておがむこと。
精選演習,70,88,部内での<span class='word'>アツレキ</span>が目に余る。,軋轢,関係が悪くなること。仲がこじれること。不和。
精選演習,71,89,母の気持ちを<span class='word'>ソンタク</span>する。,忖度,他人の気持ち・考えを、そっと推し量る。
精選演習,72,90,五色の糸を<span class='word'>ナ</span>い交ぜる。,綯,種類や性質の異なるものが、一つにまぜ合わさること。また、そのもの。ごちゃごちゃなもの。
精選演習,73,91,敵方に<span class='word'>カン</span>を通じていた嫌疑がある。,款,款を通ず＝交わりを親しくする。転じて、敵に内通する。
精選演習,74,92,天地<span class='word'>カイビャク</span>についての神話を繙く。,開闢,①天地が開いた始まり。この世の始まり。創世。②物事の始まり。
精選演習,75,93,<span class='word'>ムセ</span>び泣く汽笛に望郷の念を募らせた。,噎、咽,①飲食物がのどにつかえるなどして息苦しくなる。②喜びや悲しみで胸がいっぱいになりのどがつまる。むせび泣く。
精選演習,76,94,薬が<span class='word'>テキメン</span>に効いた。,覿面,効果や報いが、すぐに現れるさま。
精選演習,77,95,床几に<span class='word'>ヒモウセン</span>を敷く。,緋毛氈,緋色の毛氈。
精選演習,78,96,一年間の<span class='word'>ススボコリ</span>を払う。,煤埃,すすのまじったほこり。
精選演習,79,97,チーズの熟成に<span class='word'>アオカビ</span>を利用する。,青黴,不完全菌類モニリア目アオカビ属のカビの総称。外観が青・緑色を呈し、パンなどの食品や皮革製品に生える。酵素やペニシリンの生産、チーズの熟成に利用される種もある。
精選演習,80,98,座敷に<span class='word'>シタン</span>の座卓がある。,紫檀,マメ科の常緑高木。インド南部原産。材は暗紫紅色で堅く木目が美しいため、家具などに用いる。
精選演習,81,99,茄子の<span class='word'>ヘタ</span>を切り落とす。,蔕,ナスやカキなどの実についている萼。実が枝や茎につく部分。
精選演習,82,100,扉に<span class='word'>シンチュウ</span>製の取っ手をつける。,真鍮,銅と亜鉛との合金。
精選演習,83,101,帳簿に<span class='word'>カイザン</span>の跡が見られた。,改竄,公文書・証書などの文字や語句を都合のよいように書きかえること。
精選演習,84,102,世を<span class='word'>ス</span>ねて隠栖する。,拗,①ひねくれて人にしたがわず、逆らった態度をとる。②希望が認められずにだだをこねる。へそを曲げる。
精選演習,85,103,拝殿の正面に<span class='word'>サイセン</span>箱を設えた。,賽銭,神社や寺に参拝したときに奉納する金銭。
精選演習,86,104,蕎麦屋でゆっくり<span class='word'>ハラゴシラ</span>えをする。,腹拵,食事をすること。何かを始める前に、食事をしておくこと。
精選演習,87,105,大会は<span class='word'>モクショウ</span>の間に迫った。,目睫,目とまつげ。転じて、きわめて接近した状態。間近。眼前。目前。
精選演習,88,106,一方ならぬ<span class='word'>ケンコ</span>を賜る。,眷顧,①振り返って見ること。②目をかけること。引き立てること。ひいきにすること。愛顧。
精選演習,89,107,蛇が鎌首を<span class='word'>モタ</span>げてきた。,擡,もち上げる。
精選演習,90,108,本草学の<span class='word'>キコウボン</span>が古本市で高値をつけた。,稀覯本、希覯本,稀覯＝めったに見られないこと。非常に珍しいこと。
精選演習,91,109,息子を<span class='word'>カタ</span>った詐欺行為が頻発する。,騙,①金品をだまし取る。②うその肩書きや名称などをいう。いつわる。
精選演習,92,110,書類の重要箇所に<span class='word'>フセン</span>を貼る。,付箋、附箋,疑問点や注意点を書いたり、目印になるように本や書類などにつける紙切れ。
精選演習,93,111,幼時から道義心を<span class='word'>カンヨウ</span>する。,涵養,自然に心にしみこむように育てること。徐々に育成していくこと。
精選演習,94,112,路傍で天神様の<span class='word'>ホコラ</span>を見かけた。,祠、叢祠,神をまつった小さな建物。やしろの小さいもの。
精選演習,95,113,見知らぬ者達が<span class='word'>チンニュウ</span>してきた。,闖入,突然、無断で入りこんでくること。
精選演習,96,114,裁判所が<span class='word'>ワイセツ</span>文書と判断した。,猥褻,みだらなこと。性に関するいやらしいこと。
精選演習,97,115,梅雨時になると古傷が<span class='word'>ウズ</span>く。,疼,①傷などがずきずきと痛む。②心が痛く感じる。
精選演習,98,116,隣の人とは<span class='word'>ジッコン</span>の間柄だ。,昵懇,親しくつき合うさま。こころやすいこと。懇意。
精選演習,99,117,<span class='word'>コンボウ</span>を振り回して暴れる。,棍棒,①丸い木の棒。②体操競技で使用する、とっくり形の木の棒。インディアンクラブ。
精選演習,100,118,枝が雪の重みで<span class='word'>タワ</span>んでいる。,撓、橈,①他から力を加えられて弓なりに曲がる。しなう。②飽きて疲れる。心がくじける。
精選演習,101,119,老舗の<span class='word'>キンツバ</span>焼きは流石にうまい。,金鍔,①黄金または金色の金属で作った刀のつば。②水で練った小麦粉にあんを包み、刀のつばの形にして焼いた和菓子。
精選演習,102,120,寝た切りで<span class='word'>ジョクソウ</span>に悩まされる。,褥瘡、蓐瘡,病気などで衰弱した体で長く寝ているとき、床にあたる身体の部分が赤くただれて傷つき、痛むこと。床ずれ。
精選演習,103,121,賭け事に憂き身を<span class='word'>ヤツ</span>している。,窶,①姿をみすぼらしく、また、目立たないように変える。②やせるほど思い悩む。
精選演習,104,122,楽しく<span class='word'>ダンラン</span>の時を過ごす。,団欒,①月などがまるいこと。また、まるいもの。②集まって車座に座ること。まどい。③親しい者たちが集まって楽しく時を過ごすこと。
精選演習,105,123,急に<span class='word'>クルリ</span>と後ろを振り向いた。,転,①身軽く、回転するさま。②物事が反転したように、すっかりかわるさま。③まわりを取り巻くさま。丸めたり包んだりするさま。ぐるり。④唐棹のこと。くるり棒。
精選演習,106,124,<span class='word'>アンタン</span>たる気持ちで罹災地から帰る。,暗澹,①薄暗くはっきりしないさま。暗く陰気なさま。②将来の見通しが立たず、全く希望がもてないさま。
精選演習,107,125,不作法を姉に<span class='word'>タシナ</span>められた。,窘,言葉で穏やかに注意する。反省を促す。
精選演習,108,126,三国が河の合流点で<span class='word'>テイジ</span>した。,鼎峙,「鼎立」に同じ。かなえの三本脚のように、三つのものが並び立ち、対立すること。
精選演習,109,127,川岸に舟を<span class='word'>モヤ</span>う。,舫,①船と船とを互いにつなぎ合わせる。②杭などに船をつなぎとめる。
精選演習,110,128,元旦に家族皆で<span class='word'>トソ</span>を祝う。,屠蘇,①屠蘇散。山椒・肉桂皮などを調合して袋に入れたもの。②①を入れたみりん・酒。邪気を払い、長寿に効くとして正月に飲む。おとそ。新年。
精選演習,111,129,薯蕷に<span class='word'>ウズラ</span>の卵を落とす。,鶉,キジ科の鳥。草地にすむ。体は丸みを帯び、尾は短く、羽は茶褐色で黒と白のまだらがある。肉・卵は食用。
精選演習,112,130,<span class='word'>ジンマシン</span>が出てひどく痒い。,蕁麻疹,皮膚がかゆくなり、一時的に赤くはれあがる急性の皮膚病。アレルギーが原因で起こる。
精選演習,113,131,手を<span class='word'>コマヌ</span>いていても始まらない。,拱,①両手を重ねて腕の前に置く。腕組みをする。②何もしないでただ見ている。
精選演習,114,132,交渉が<span class='word'>コウチャク</span>状態に陥った。,膠着,①にかわでつけたように、しっかりとつくこと。②状況が固定して進展しないこと。
精選演習,115,133,林檎の芯を<span class='word'>ク</span>り貫いた。,刳,①くりぬくこと。えぐって穴をあけること。また、くりぬいたところや、くりぬいてつくったもの。②船具の一つ。船が停泊しているときに使う替水縄（かえみなわ）。
精選演習,117,134,炊きたての飯をお<span class='word'>ヒツ</span>に移す。,櫃,①ふたのある大きい箱。おもに衣服や書物を入れる。②めしびつ。
精選演習,118,135,消化管壁が規則的に<span class='word'>ゼンドウ</span>する。,蠕動,①うごめくこと。虫が動くこと。蠢動。②筋肉が収縮してできる波が徐々に動いていく運動。消化器官などに見られる。
精選演習,119,136,夜風が優しく頰を<span class='word'>クスグ</span>る。,擽,①皮膚を軽く刺激して、こそばゆい感じにさせる。②人の感情を刺激する。感じやすい心にはたらきかけて快い気分にさせる。③人を笑わせようとして、こっけいなことを言う。
精選演習,120,137,雨が止んだので傘を<span class='word'>スボ</span>めた。,窄、歙,①しだいにせまくなる。細くなる。②ふくらんだものが縮む。しぼむ。③勢いなどが衰える。
精選演習,121,138,本堂の屋根に新たな<span class='word'>シビ</span>を設えた。,鴟尾,宮殿や仏殿などの棟の両端にとりつける飾り。鳥の尾または魚が尾をはね上げた形という。後世のしゃちほこなどの原型。
精選演習,122,139,<span class='word'>イグサ</span>の茎は畳表に用いられる。,藺、藺草,「藺（い）」に同じ。イグサ科の多年草。湿地に自生、また水田で栽培。茎は長さ約一メートルで節がなく、畳表や花むしろの材料になる。昔、髄は灯心に用いた。イグサ。トウシンソウ。
精選演習,124,140,目障りな政敵を<span class='word'>ザンブ</span>する。,讒誣,ありもしないことを言って非難すること。
精選演習,125,141,戦乱の禍が<span class='word'>ムコ</span>の民に及ぶ。,無辜,罪がないこと。また、その人。無罪。
精選演習,126,142,招待状を<span class='word'>シタタ</span>める。,認,①書き記す。②食事をする。
精選演習,127,143,生産工程の<span class='word'>アイロ</span>を打開する必要がある。,隘路,①せまくて通行が困難な道。②物事を実行する上での妨げ。支障。さしさわり。
精選演習,128,144,<span class='word'>シンイ</span>の炎を消し無明の雲を払う。,瞋恚、嗔恚,①はげしく怒ること。瞋怒。②貪欲（トンヨク）・愚痴とともに三毒の一つ。自分の心に反するものを激しく怒り、恨むこと。
精選演習,129,145,<span class='word'>オクビ</span>にも出さない。,噫気、噫、噯気、噯,胃の中にたまったガスが口の外へ出たもの。げっぷ。
精選演習,130,146,手紙には真情が<span class='word'>ホトバシ</span>っていた。,逬,激しい勢いで飛び散る。
精選演習,131,147,<span class='word'>コショウ</span>で料理の味を引き立てる。,胡椒,コショウ科のつる性常緑半低木。インド原産。乾燥させた実は代表的な香辛料。
精選演習,132,148,食中毒で激しく<span class='word'>トシャ</span>する。,吐瀉,食物をはいたり下したりすること。はきくだし。
精選演習,133,149,鴉が鳴き牛が<span class='word'>アエ</span>ぐ。,喘,①息苦しそうに呼吸する。②生活などに苦しむ。
精選演習,134,150,表現が巧みで<span class='word'>ゴイ</span>も豊かだ。,語彙,①ある範囲で用いる語全体。ボキャブラリー。②一定の種類に集録した言葉。語集。
精選演習,135,151,<span class='word'>ヒッキョウ</span>、人は死を免れぬ。,畢竟,つまるところ。要するに。結局のところ。
精選演習,136,152,袴の<span class='word'>ヒダ</span>にアイロンをかける。,襞,①衣服につけた細長い折り目。また、そのように見えるもの。②複雑で細やかな部分。
精選演習,137,153,釣りの話なら彼の<span class='word'>ドクセンジョウ</span>だ。,独擅場,ひとりだけが思うままに活躍するところ。ひとり舞台。
精選演習,138,154,それは美的<span class='word'>ハンチュウ</span>に属する問題だ。,範疇,①範囲。部類。部門。領域。カテゴリー。②哲学で、実在や思惟の根本的な形式。
精選演習,139,155,子役を演じるには<span class='word'>トウ</span>が立っている。,薹,アブラナ・フキなどの花茎。※薹が立つ＝時期が過ぎて食べ頃でなくなってしまう。転じて、人が、そのことに最適の年齢が過ぎてしまう。
精選演習,140,156,勤倹力行して財産を<span class='word'>コシラ</span>えた。,拵,①形あるものに作りあげる。②うまく作る。ないことをあるように見せかける。③準備する。また、整える。④友人などをもつ。⑤飾る。装う。
精選演習,141,157,十分に<span class='word'>ソシャク</span>して消化をよくする。,咀嚼,①食べ物をかみくだくこと。②物事や文章などを深く味わい理解すること。
精選演習,142,158,蕎麦を冷水で締めて<span class='word'>ザル</span>に盛った。,笊,①細く裂いた竹ひごなどで編んだ器。②「笊碁」の略。③「笊蕎麦」の略。④編んだ目からこぼれることから、抜けや落ちの多いたとえ。
精選演習,143,159,指を<span class='word'>クワ</span>えて見ている他なかった。,咥、銜、啣,物を歯や唇で軽くはさみもつ。
精選演習,144,160,架空の取り引きを<span class='word'>ネツゾウ</span>した。,捏造,事実でないことを事実らしく作ること。
精選演習,145,161,米寿を迎えて<span class='word'>カクシャク</span>としている。,矍鑠,年をとっても心身ともに元気なさま。
精選演習,146,162,満員電車に<span class='word'>モ</span>まれて通勤する。,揉、搓,①両手の間に物をはさんでこする。②押し合いへし合いする。③相手をきたえる。④つらい体験をする。⑤心配する。
精選演習,147,163,さんざんに<span class='word'>チョウチャク</span>する。,打擲,人をうちたたくこと。なぐること。
精選演習,148,164,<span class='word'>フクイク</span>たる薫りが漂ってくる。,馥郁,香り高いさま。よい香りがたちこめるさま。
精選演習,149,165,軒を並べ<span class='word'>イラカ</span>を争う。,甍,①屋根がわら。②かわらで葺いた屋根。
精選演習,150,166,民権運動は<span class='word'>リョウゲン</span>の火の如く広まった。,燎原,燎原の火＝物事が非常な勢いで広がり、とどめることのできないたとえ。野原を焼く火の意から。
精選演習,151,167,映画史上<span class='word'>チョウドキュウ</span>の大作だ。,超弩級,大きさや強さが、同類の物よりずば抜けていること。
精選演習,152,168,山の水を<span class='word'>カケヒ</span>で庭に引く。,筧、懸樋,水を通すために掛け渡された竹や木の管。また、その装置。樋。
精選演習,153,169,政治犯が<span class='word'>ルタク</span>の地で生涯を終えた。,流謫,罪によって遠方へ流されること。遠流。
精選演習,154,170,<span class='word'>ハエナワ</span>漁船が出港する。,延縄,一本の長い縄に、釣り針をたくさんつけた糸を垂らして魚をとる道具。
精選演習,155,171,恐ろしい夢に<span class='word'>ウナ</span>される。,魘,恐ろしい夢におびえて、眠ったまま苦しそうにうなる。
精選演習,156,172,怨霊が巫者に<span class='word'>ヒョウイ</span>する場面を描く。,憑依,①霊がのりうつること。②よりすがること。たのみにすること。馮依。
精選演習,157,173,野生のコウノトリが卵を<span class='word'>カエ</span>した。,孵、孚,卵が、ひなや幼虫になる。
精選演習,158,174,画家としての<span class='word'>テンピン</span>を発揮する。,天稟,天から与えられた生まれつきの性質・才能。天性、天賦、天分。
精選演習,159,175,薬効<span class='word'>アラタカ</span>な丸薬である。,灼,神仏の力や薬の効き目がはっきりしているさま。あらた。
精選演習,160,176,海上に<span class='word'>シンキロウ</span>が出現した。,蜃気楼,海上や砂漠で地表と空気の温度差から光が異常に屈折し、実際にはない遠方の風景などがあるように見える現象。空中楼閣。蜃楼。
精選演習,161,177,むずかる幼児を宥め<span class='word'>スカ</span>す。,賺,①機嫌をとってなだめる。②言葉でだます。たぶらかす。
精選演習,162,178,疲労<span class='word'>コンパイ</span>の態でたどりついた。,困憊,すっかり疲れきってしまうこと。※疲労困憊＝つかれはてること。
精選演習,163,179,言葉にやや<span class='word'>ナマリ</span>がある。,訛、譌,標準語・共通語ではなく、地方独特の、発音や抑揚。
精選演習,164,180,鍬形を<span class='word'>ソビ</span>やかした武者人形を飾る。,聳、竦,ことさらに高くする。
精選演習,165,181,一歩一歩に喘ぎ<span class='word'>ガイソウ</span>する。,咳嗽,急にせきこむこと。せき。しわぶき。
精選演習,166,182,思い出を<span class='word'>ルル</span>語った。,縷縷,①糸のように、細く長く続くさま。②こまごまと詳しく述べるさま。
精選演習,167,183,自分の<span class='word'>ウメ</span>き声で目が覚めた。,呻,①痛みや苦しみのあまり、うなり声をだす。②感嘆してうなる。③苦心して詩歌を作る。苦吟する。
精選演習,168,184,<span class='word'>ケイチツ</span>を迎え日々暖かくなる。,啓蟄,二十四節気の一つ。三月五、六日ころ。
精選演習,169,185,天地<span class='word'>ソウマイ</span>の頃、群雄が蜂起した。,草昧,世の中が未開で、まだ秩序や文化が発達していない状態。
精選演習,170,186,大風で庭の木々が<span class='word'>ネコソ</span>ぎ倒された。,根刮,①根のついたまま抜き取ること。根こぎ。②残らず。全部。
精選演習,171,187,景気は漸く<span class='word'>ハコウ</span>状態を脱した。,跛行,①片足が不自由で、引きずるように歩くこと。②物事がつりあいのとれない状態で進むこと。
精選演習,172,188,瑠璃珊瑚を<span class='word'>チリバ</span>めた腕輪だ。,鏤、嵌,①模様を彫りつける。また、宝石などをちらせてはめこむ。②飾りをちらせて入れる。
精選演習,173,189,<span class='word'>タケヒゴ</span>を編んで笊を作る。,竹籤,竹を細かく割って削ったもの。竹細工などに用いる。竹のひご。
精選演習,174,190,職務を怠り上司から<span class='word'>ケンセキ</span>された。,譴責,①あやまちや不正などをとがめ責めること。②かつて公務員の職務上の過失に対して与えられた懲戒処分の一つ。現在は「戒告」という。
精選演習,175,191,<span class='word'>ゾウヒン</span>の故買で摘発された。,贓品,賄賂などの不正な手段で手に入れた品物。贓物。
精選演習,176,192,病気に<span class='word'>カズ</span>けて欠席する。,被,①責任を負わせる。②かこつける。③頭にかぶらせる。また、ご祝儀や褒美として衣類を肩に掛ける。
精選演習,177,193,故人の俤を<span class='word'>ハンスウ</span>して画帳に描いた。,反芻,①ウシ・ヒツジ・ラクダなどが、一度飲みこんだ食物を、また、口に戻してかむこと。②言葉の意味などをくり返し考えたり味わったりすること。
精選演習,178,194,<span class='word'>ニベ</span>もなく断られた。,鰾膠、鮸膠,ニベ科の海魚の鰾からつくった膠。粘着力が強く、食用・工業用・薬用に広く使われる。
精選演習,179,195,よく冷えた<span class='word'>アンミツ</span>が涼味を呼ぶ。,餡蜜,寒天・ゆでたエンドウマメ・果物などをまぜあわせて蜜をかけたみつまめに小豆餡をのせたもの。
精選演習,180,196,少なからざる<span class='word'>ヒボウ</span>中傷を受けた。,誹謗,根拠ない悪口や陰口を言うこと。そしること。誹毀。
精選演習,181,197,孫の代まで<span class='word'>タタ</span>ると謂う。,祟,①神仏や怨霊などが人にわざわいを与える。②ある原因で、悪い結果になる。
精選演習,182,198,ご挨拶<span class='word'>カタガタ</span>お伺いします。,旁、旁旁,①ついでに。一方では。②…をかねて。…がてら。
精選演習,183,199,洋書からの<span class='word'>ヒョウセツ</span>を指摘された。,剽窃,他人の詩歌や文章などをぬすんで、自分のものとして発表すること。盗作、剽賊。
精選演習,184,200,相手の立場を<span class='word'>シンシャク</span>して対応する。,斟酌,①事情をくみとって、ほどよく処理すること。②条件を照らし合わせて、適当に処理すること。③遠慮すること。
精選演習,185,201,草むらに蛇が<span class='word'>トグロ</span>をまいていた。,塒、蜷局,ヘビなどが渦巻き状に体を巻くこと。
精選演習,186,202,欄干に<span class='word'>モタ</span>れて物思いに耽る。,靠、凭,①体の重みをあずけ寄りかかる。頼りにする。②食物が胃に残り、重苦しく感じる。
精選演習,187,203,<span class='word'>ドウモウ</span>な熊に襲われる。,獰猛,性質が荒っぽくたけだけしいこと。また、そのさま。残忍で凶暴なこと。
精選演習,188,204,海底を<span class='word'>シュンセツ</span>して航路を開く。,浚渫,水底の泥をさらって深くすること。
精選演習,189,205,消しゴムの<span class='word'>カス</span>を集めて捨てる。,滓,①液体などの底にたまるもの。おり。②必要な部分を取り除いたあとに残った不用物。つまらないもの。屑。
精選演習,190,206,<span class='word'>ヘントウセン</span>が腫れ上がった。,扁桃腺,のどの奥にある、楕円形をした左右一対のリンパ組織。細菌の侵入を防ぐ。
精選演習,191,207,杖にお<span class='word'>アツラ</span>え向きの枝を拾い上げた。,誂,自分の希望どおりに、頼んで作らせる。注文する。特に、衣服にいう。
精選演習,192,208,書状で<span class='word'>キュウカツ</span>を叙する。,久闊,長い間会わないこと。久しく便りをしないこと。※久闊を叙する＝久しぶりに会った知人と無沙汰をわびる挨拶をすること。久しぶりに会って話す。
精選演習,193,209,大魚目掛けて<span class='word'>モリ</span>を放った。,銛,棒の先に鋭くした金属をつけ、魚などを刺して捕る道具。
精選演習,194,210,風に<span class='word'>ソヨ</span>ぐ葦原を見渡す。,戦、嫋,草などが風に吹かれて揺れ動き、かすかに音を立てる。
精選演習,195,211,<span class='word'>セキリョウ</span>感漂う晩秋の夕景である。,寂寥,ものさびしくひっそりしたさま。
精選演習,196,212,オパールの指輪が蠟燭の光に<span class='word'>キラ</span>めいた。,煌、燦,①きらきらと光りかがやく。②華やかで人目をひく。
精選演習,197,213,神に<span class='word'>ザンゲ</span>し恕しを乞う。,懺悔,過去に犯した罪を後悔して、神や人に告白すること。
精選演習,198,214,<span class='word'>ツツガ</span>なく老後を過ごす。,恙,①病気。心配。わずらいごと。②「恙虫」の略。
精選演習,199,215,亡骸を<span class='word'>ダビ</span>に付した。,荼毘,火葬にすること。
精選演習,200,216,<span class='word'>シンピョウ</span>性の高い記事である。,信憑,信頼してよりどころとすること。
精選演習,201,217,奇を<span class='word'>テラ</span>った表現だ。,衒,知識や才能などをひけらかす。えらそうに見せかける。
精選演習,202,218,昔から自己<span class='word'>トウカイ</span>の癖がある。,韜晦,才能・地位・形跡などをつつみ隠すこと。他人の目をくらまし、わからないようにすること。
精選演習,203,219,あれこれと理屈を<span class='word'>コ</span>ねる。,捏,①粉や土などに水分を加えて練る。②無理にあれこれ言う。
精選演習,204,220,収集家<span class='word'>スイゼン</span>の的の陶器だ。,垂涎,①食べたくてよだれをたらすこと。②非常にほしがること。
精選演習,205,221,<span class='word'>ハンゴウ</span>炊爨の準備が出来た。,飯盒,アルミニウム製などの携帯できる、炊飯兼用の底の深い弁当箱。野外での煮炊きに便利で、登山やキャンプなどに使われる。
精選演習,206,222,家運が傾き<span class='word'>カ</span>てて加えて病人が出る。,糅、搗,あることの上にさらにことを加えて。さらにその上に。おまけに。ふつう望ましくない状態が重なる場合に用いることが多い。
精選演習,207,223,巧みな<span class='word'>ヒユ</span>が使われている。,比喩、譬喩,特徴がはっきりした他の似ているものを引き合いに出して、わかりやすく説明する表現方法。たとえ。たとえばなし。
精選演習,208,224,辺り一面に<span class='word'>モヤ</span>が立ちこめる。,靄,空気中に細かい水滴などが立ちこめて遠くのものがかすんで見える現象。霧よりも見通しはよい。
精選演習,209,225,教育界に<span class='word'>ヒエキ</span>する所がある。,裨益、俾益,おぎなって利益を与えること。助けとなること。役に立つこと。補益。
精選演習,210,226,内心<span class='word'>ジクジ</span>たるものがある。,忸怩,自分の行いをはずかしく思うようす。
精選演習,211,227,戸に<span class='word'>カンヌキ</span>をかける。,閂,①両開きの扉が開かないように横に渡して固定した木。②相撲の技の一つ。もろ差しになった相手の腕をしめつける技。
精選演習,212,228,野生鹿の車道での<span class='word'>レキシ</span>事故が絶えない。,轢死,列車や自動車などにひかれて死ぬこと。
精選演習,213,229,往来を眺めて<span class='word'>ブリョウ</span>を慰めた。,無聊,①することがなく、退屈なこと。つれづれ。②気になることがあって楽しめないこと。
精選演習,214,230,大きな<span class='word'>クシャミ</span>をした。,嚔,鼻の粘膜が刺激されて起こる反射運動で、発作的に激しく息を吐き出すこと。くさめ。
精選演習,215,231,花弁と<span class='word'>ガク</span>とが区別しにくい花もある。,萼,花を構成している花葉のうち、いちばん外側にあるもの。
精選演習,216,232,世を<span class='word'>シンガイ</span>させた大事件である。,震駭,おどろきふるえあがること。
精選演習,217,233,手術が良い結果を<span class='word'>モタラ</span>した。,齎,①持ってくる。また、持って行く。②何かの原因で、ある結果や影響が出てくる。
精選演習,218,234,亡父のことを<span class='word'>センコウ</span>という。,先考,亡くなった父。亡父、先父。
精選演習,219,235,次第に感覚が<span class='word'>マヒ</span>してきた。,麻痺、痲痺、痲痹,①神経や筋肉の機能が停止したり低下したりすること。②本来のはたらきができなくなること。
精選演習,220,236,<span class='word'>オビタダ</span>しい蜻蛉が飛び交っている。,夥,①非常に多い。②はなはだしい。はげしい。
精選演習,221,237,行きつけの<span class='word'>ショシ</span>で珍本を入手した。,書肆,書店。本屋。書房。
精選演習,222,238,水泳中に<span class='word'>コムラ</span>返りが起きた。,腓,すねの後ろ側のふくれた部分。ふくらはぎ。こぶら。※腓返り＝ふくらはぎの筋肉が急にけいれんし、激しく痛むこと。こぶらがえり。
精選演習,223,239,雨水を<span class='word'>ロカ</span>して飲料水にする。,濾過,液体や気体をこして、固形の不純物を取り除くこと。
精選演習,224,240,<span class='word'>カタジケナ</span>いお言葉を戴いた。,忝、辱,①おそれ多い。もったいない。②身にしみてありがたい。
精選演習,225,241,櫓の<span class='word'>キシ</span>む音が響く。,軋,物と物とが擦れあって音をたてる。
精選演習,226,242,女の<span class='word'>キキョ</span>する声が聞こえてきた。,欷歔、唏噓,すすり泣く。むせび泣く。欷泣。歔欷、噓唏。
精選演習,227,243,<span class='word'>ヒナアラレ</span>と菱餅を供える。,雛霰,三月三日の桃の節句に、ひな人形に供える紅白のあられ。
精選演習,228,244,家訓が<span class='word'>シッコク</span>となり思うに任せぬ。,桎梏,①足かせと手かせ。②自由をさまたげるとの。束縛、拘束。
精選演習,229,245,相続をめぐって兄弟が<span class='word'>イガ</span>み合う。,啀,①イヌが歯をむき出して、かみ合う。②激しい口調でくってかかる。
精選演習,230,246,悔恨と<span class='word'>ザンキ</span>の年が跡形もなく消え去った。,慙愧、慙悸,反省して心からはじいること。
精選演習,231,247,<span class='word'>コウゾ</span>は和紙の原料となる。,楮,クワ科の落葉低木。山野に自生。葉・実ともにクワに似る。樹皮から和紙の原料をとる。カゾ。
精選演習,232,248,斧を<span class='word'>ロクロ</span>の砥石で研ぐ。,轆轤,①「轆轤台」の略。木製の回転する台で、陶器を作るのに用いる。②物を引き寄せたり、つるしあげたりするのに使う滑車。井戸水のくみ上げなどに用いる。③傘の柄の上部にある、骨の集まった開閉の装置。
精選演習,233,249,<span class='word'>ワビ</span>しい山間の駅に降り立った。,侘,①ひどくもの静かでさびしい。②心が慰められないさま。心細い。③貧しくてあわれなさま。みすぼらしい。④つらく悲しい。やるせない。⑤当惑するさま。やりきれない。⑥興ざめである。おもしろくない。
精選演習,234,250,校正が杜撰で誤植や<span class='word'>エンジ</span>が目立つ。,衍字,文中に誤って入った余計な文字。衍文。
精選演習,235,251,平蜘蛛のように這い<span class='word'>ツクバ</span>う。,蹲,うずくまる。しゃがむ。
精選演習,236,252,古い慣習が<span class='word'>ヨゼン</span>を保っている。,余喘,今にも絶えそうなかすかな息。虫の息。
精選演習,237,253,優勝争いは決定戦に<span class='word'>モツ</span>れ込んだ。,縺,①糸など線状のものがからみ合う。②言語や動作が自由にならない。③物事が混乱してこじれる。
精選演習,238,254,謀叛の<span class='word'>カド</span>で捕らえられた。,廉,取り上げて数えるべき事項や理由。
精選演習,239,255,風紀の<span class='word'>ビンラン</span>を危惧する。,紊乱,秩序・規律・道徳などがみだれること。また、みだすこと。
精選演習,240,256,歴史を<span class='word'>ヒモト</span>いて時代背景を調べる。,繙、紐解,書物をめくり返して読む。
精選演習,241,257,世界最大の<span class='word'>カンスイ</span>湖である。,鹹水,塩分を含んでいる水。海水。
精選演習,242,258,家族総出で苗床に<span class='word'>カンスイ</span>する。,灌水,農作物などに、水をそそぎかけること。
精選演習,243,259,神に種々の<span class='word'>ニエ</span>を供えた。,贄、摯,①朝廷や神に奉る、その土地の産物。魚や鳥など。②あいさつの贈り物。
精選演習,244,260,<span class='word'>ニエ</span>鮮やかな名刀である。,錵、沸,焼きによって刀身にできる模様。
精選演習,245,261,大広間を金泥の<span class='word'>ショウヘイ</span>画が飾る。,障屛,障屛画＝襖・衝立・屛風など、間仕切り用の建具や室内の壁に描かれた絵。
精選演習,246,262,世界的な演奏家を<span class='word'>ショウヘイ</span>する。,招聘,礼をつくして、丁重にまねくこと。招請。
精選演習,247,263,<span class='word'>タンカ</span>に乗せられ病院に運び込まれた。,担架,病人や負傷者を寝かせたまま運ぶ道具。
精選演習,248,264,あぐらをかいて、<span class='word'>タンカ</span>を切る。,啖呵,①威勢よく、歯切れのよい言葉。②香具師などが品物を売るときの口上。
精選演習,249,265,大根に<span class='word'>ス</span>が入っている。,鬆,①時期が過ぎたダイコン・ゴボウや煮過ぎた豆腐などの内側にできる、細かい穴。②鋳物の内側にできる空洞。
精選演習,250,266,釣った魚を生け<span class='word'>ス</span>に放つ。,簀,①竹やアシを並べてあらく編んだもの。また、日除けのためのすだれ。すのこ。②簀立て漁に使う装置。※生け簀＝料理用や観賞用などのために、とった魚介類を飼いおく所。
精選演習,251,267,弁当に<span class='word'>デンブ</span>を使い彩りを添える。,田麩,タイ・タラなどの魚肉を蒸して細かくほぐし、醬油・砂糖などで味をつけて炒った食品。
精選演習,252,268,腿から<span class='word'>デンブ</span>にかけて痛みがある。,臀部,体のしりの部分。
精選演習,253,269,天子の直筆の書き物を<span class='word'>シンカン</span>という。,宸翰、親翰,天子がみずから書いた文書。天子直筆の文書。 宸筆。
精選演習,255,270,春になると梅の花が<span class='word'>ツボ</span>む。,蕾,つぼみをもつ。つぼみになる。
精選演習,256,271,昼になって朝顔の花が<span class='word'>ツボ</span>んだ。,窄,せまく小さくなる。すぼむ。
精選演習,257,272,<span class='word'>コウカン</span>に伝わる俗説に過ぎない。,巷間,まちなか。ちまた。世間。
精選演習,258,273,<span class='word'>コウカン</span>な書物にあたって調べた。,浩瀚,①水などの広大なようす。②書物のページ数や巻数が多いこと。
精選演習,259,274,<span class='word'>カツラ</span>籠に花を活けた。,桂,①鮎を入れるための籠。鮎籠。②花入れの一つ。鮎籠を茶人利休が応用したもの。
精選演習,260,275,<span class='word'>カツラ</span>を使用して髪型を変える。,鬘,毛髪などでさまざまな髪形を作り、頭にかぶったり添えたりするもの。
精選演習,261,276,毎年<span class='word'>ヨウラン</span>の品評会が開催される。,洋蘭,観賞用のランのうち、熱帯の原産で、欧米で改良され、明治以降日本に入ってきたものの総称。西洋蘭。
精選演習,262,277,ここは古代文明の<span class='word'>ヨウラン</span>の地だ。,揺籃,①ゆりかご。揺籠。②物事が発展する最初の時期や場所。
精選演習,263,278,厄除けに<span class='word'>ショウキ</span>像を屋根に据える。,鍾馗,中国で、魔を除くという神。日本ではその像を端午の節句に飾る。
精選演習,264,279,山川の<span class='word'>ショウキ</span>に当たって発熱したらしい。,瘴気、障気,熱病を起こすという山川の毒気や悪気。瘴毒。
精選演習,265,280,唐臼で<span class='word'>モミ</span>の殻を破って玄米にする。,籾,穀物の実の皮。
精選演習,266,281,クリスマスツリーに<span class='word'>モミ</span>の木を使う。,樅、妄榧,マツ科の常緑高木。低山に自生。葉は線形でかたい。材は建築・器具・製紙原料などに用いる。円錐形の美しい樹形をしているためクリスマスツリーに用いる。
精選演習,267,282,コーヒー・酒類等の<span class='word'>シコウ</span>品を扱う。,嗜好,たしなみ好むこと。各自の好み。特に飲食物についていう。
精選演習,268,283,御前に家臣が大勢<span class='word'>シコウ</span>していた。,伺候、祗候,①つつしんで貴人のそば近く仕えること。また、その人。②つつしんでご機嫌うかがいに上がること。
精選演習,269,284,胴部が<span class='word'>クビ</span>れている。,括,物の一部分が細く狭まる。
精選演習,270,285,自ら<span class='word'>クビ</span>れて果てる。,縊,首をくくって死ぬ。首つり自殺をする。
精選演習,271,286,民主主義が<span class='word'>ケイガイ</span>化する。,形骸,①生命を失った外見だけの体。実質を失った建物などの骨組み。②実質的な内容が失われて形だけになったもの。
精選演習,273,287,賀状に恭賀<span class='word'>シンキ</span>と認めた。,新禧,新年の喜び。
精選演習,274,288,興奮して<span class='word'>シンキ</span>亢進が著しい。,心悸,心悸亢進＝心臓の鼓動が速く激しくなること。
精選演習,275,289,月に<span class='word'>カサ</span>がかかる。,暈,太陽や月の周りに現れる光の輪。ウン。光環。
精選演習,276,290,<span class='word'>カサ</span>ぶたが剝がれる。,瘡,瘡蓋、痂＝傷などが治りかけたとき、その上にできる乾いた皮。
精選演習,277,291,全国に<span class='word'>ゲキ</span>を飛ばす。,檄,檄を飛ばす＝自分の主張や意見を急いで多数の人に知らせ、同調して行動するように促すこと。
精選演習,278,292,<span class='word'>ゲキ</span>として物音一つしない。,闃,静まりかえったさま。ひっそりとして人けのないさま。
精選演習,279,293,長男は<span class='word'>ヨウセイ</span>し次男が後を継いだ。,夭逝,わか死にすること。夭死、夭折。
精選演習,280,294,森の<span class='word'>ヨウセイ</span>たちが活躍する物語である。,妖精,西洋の伝説や童話などにみえる、人の姿をした自然物の精霊。フェアリー。
精選演習,281,295,<span class='word'>ノミ</span>の息も天に上がる。,蚤,ノミ科の昆虫の総称。赤茶色で体は二、三ミリメートルと小さく、発達した後ろあしではねる。人畜の血を吸う。
精選演習,282,296,<span class='word'>ノミ</span>と言わば槌。,鑿,鑿と言わば槌＝すべてのことに気が利くたとえ。
精選演習,283,297,遊園地の<span class='word'>カンラン</span>車に乗る。,観覧,景色・演劇・展示品などを見物すること。
精選演習,284,298,オリーブ色は<span class='word'>カンラン</span>色ともいう。,橄欖,①カンラン科の常緑高木。中国南部原産。花は黄白色、実は楕円形で蜜づけや塩づけにして食べる。ウオノホネヌキ。②オリーブの誤訳。
精選演習,285,299,<span class='word'>タコ</span>壺を引き上げる。,蛸、鮹、鱆,蛸壺＝①タコを捕らえるための素焼きなどの壺。海中に沈め、タコが入ったところを引き上げる。②戦場で、射撃や待避の為に掘った一人用の壕の俗称。
精選演習,286,300,指に<span class='word'>タコ</span>ができた。,腁胝、腁、胝,①皮膚の一部分が繰り返し同じ刺激を受け、固く盛り上がったもの。ヘンチ、ベンチ。②同じことの繰り返しで、感じなくなること。
精選演習,288,301,世に喧伝された異聞<span class='word'>キタン</span>を集成する。,奇譚,異聞奇譚＝きわめて珍しい話のこと。
精選演習,289,302,祖父は<span class='word'>カンペキ</span>が強くてすぐ怒鳴る。,癇癖、疳癖,感情をおさえきれず、怒りやすい性質。また、その発作。癇癪。
精選演習,290,303,計画に<span class='word'>カンペキ</span>を期する。,完璧,欠点や不足がまったくなく、りっぱなこと。完全なこと。傷のない完全な宝玉の意。
精選演習,291,304,濁世の汚埃を<span class='word'>センゼイ</span>する。,蟬蛻,①セミの抜け殻。うつせみ。②俗世間を超越すること。解脱。蟬脱。
精選演習,292,305,<span class='word'>センゼイ</span>して行動の可否を決する。,占筮,筮竹を用いて吉凶を占うこと。筮竹は五〇本の竹製の棒。
精選演習,293,306,犯した罪を<span class='word'>アガナ</span>う。,贖、貲,①罪をつぐなう。②罪やけがれをまぬがれるために金品を出す。
精選演習,294,307,書物一巻を<span class='word'>アガナ</span>う。,購,①代金を払って買い求める。②あるものを代償として他のものを手に入れる。
精選演習,295,308,尊大な態度で部下を<span class='word'>イシ</span>する。,頤指、頤使,人をあごで使うこと。いばって人に指図すること。
精選演習,296,309,<span class='word'>イシ</span>した友の骸を前に号泣する。,縊死,首をくくって死ぬこと。首つり。
精選演習,297,310,諸将は挙って官軍に<span class='word'>サタン</span>した。,左袒,人の意見に賛成して、味方をすること。
精選演習,298,311,我が身の不運を<span class='word'>サタン</span>する。,嗟嘆、嗟歎,①なげくこと。②感心してほめること。
精選演習,299,312,障子の組子に<span class='word'>サワラ</span>が使われている。,椹、弱檜、花柏,ヒノキ科の常緑高木。山地に自生。ヒノキに似るが、葉の先はがとがり、裏は白色。材は耐水性にすぐれ、おけや建具用。
精選演習,300,313,寒の<span class='word'>サワラ</span>は特に美味だ。,鰆,サバ科の海魚。各地の沿岸に分布し、特に瀬戸内海に多くすむ。形は細長く、体長約一メートル。背は淡灰青色で腹は銀灰色。冬から春に美味。
精選演習,301,314,一か月間<span class='word'>ホウオウ</span>の旅に出た。,訪欧,ヨーロッパを訪れること。
精選演習,302,315,<span class='word'>ホウオウ</span>群鶏と食を争わず。,鳳凰,古代中国で、めでたいとされた想像上の鳥。「鳳」は雄、「凰」は雌。徳のすぐれた天子の世に現れるという。※鳳凰群鶏と食を争わず＝誇りが高く、孤高を守って世俗の人たちと行動を共にしないたとえ。鳳凰は、ニワトリの群れと食べ物を争い合うようなことはしない意から。
精選演習,303,316,絢爛たる<span class='word'>フスマ</span>絵が目を驚かす。,襖,木で骨組みを作り、その裏表に紙や布などをはった和室用の建具。襖障子。唐紙（からかみ）。
精選演習,304,317,降り積もった雪が<span class='word'>フスマ</span>をのべたようだ。,衾,寝るときに体に掛ける夜具。かけぶとん。
精選演習,305,318,評判の<span class='word'>カマ</span>揚げ饂飩を注文した。,釜,飯をたいたり湯をわかしたりする金属製の器。鍋よりも底が深く、周囲につばがある。炊事や茶席で使う。
精選演習,306,319,陶磁器の<span class='word'>カマ</span>元を訪れる。,窯,窯元＝陶磁器の製造元。また、そこの主人。
精選演習,307,320,史実を尋ねて古人の<span class='word'>センショウ</span>を踏む。,先蹤,先人の行った事業の跡。
精選演習,308,321,神の名を<span class='word'>センショウ</span>して人を裁く。,僭称,身分を越えた称号を名乗ること。また、その称号。
精選演習,309,322,初出場の選手が優勝を<span class='word'>サラ</span>った。,攫、掠,①不意をついて奪い去る。②全部持ち去る。独り占めにする。
精選演習,310,323,落ち葉の溜まった溝を<span class='word'>サラ</span>う。,浚、渫、濬,①溝などの底にある土砂をすっかりすくい取る。②他人の物を奪い取る。
精選演習,311,324,意志弱く性<span class='word'>ケイソウ</span>で威厳がない。,軽躁,軽はずみに騒ぐこと。考えがあさはかなこと。
精選演習,312,325,疾風に<span class='word'>ケイソウ</span>を知り乱世に忠臣を知る。,勁草,茎がしっかりしていて、強風にも折れない草。また、節操や意志の固い人のたとえ。
精選演習,313,326,<span class='word'>エンジ</span>色のネクタイがよく似合う。,臙脂、燕脂,①黒みを帯びた濃い赤色。エンジ色。紅。②ベニバナを原料とした赤色顔料。
精選演習,315,327,碁<span class='word'>ケ</span>から石を摘み出した。,笥,容器。特に食べ物を入れる器。※碁笥＝碁石を入れる、木製で丸い形をしたふたつき容器。
精選演習,316,328,<span class='word'>ケ</span>にも晴れにも普段着で通した。,褻,ふだん。常日ごろ。平生。
精選演習,317,329,窶れて<span class='word'>ガンカ</span>が落ちくぼんでいる。,眼窩,頭骨前面にある、眼球が入っているくぼみ。
精選演習,318,330,驪竜<span class='word'>ガンカ</span>の珠ほどの値がある。,頷下,あごの下。
精選演習,319,331,太刀の<span class='word'>サヤ</span>をはらう。,鞘,①刀剣類の刀身や筆の先などを収めて、それを保護する筒。②価格や利率の設定による差額。商品の売買におけるもうけなど。利鞘。③「鞘堂」の略。
精選演習,320,332,隠元は<span class='word'>サヤ</span>のまま食用とする。,莢、苻,マメ科植物の種子を包んでいる殻。
精選演習,321,333,頭髪<span class='word'>シュシ</span>共に雪白の老人である。,鬚髭,あごひげと鼻の下のひげ。
精選演習,322,334,行きつけの<span class='word'>シュシ</span>で祝杯を挙げた。,酒肆,飲み屋。
精選演習,323,335,髪に桜の小枝を<span class='word'>カザ</span>した。,簪、挿頭,①草木の枝や花を、髪の毛や冠にさす。②物の上に飾りつける。
精選演習,325,336,その件は<span class='word'>フクシャ</span>の戒めとする。,覆車,覆車の戒め＝先人の失敗を見て、教訓とするたとえ。前の車の転覆は後続の車の戒めとなる意から。前者覆轍、前覆後戒。
精選演習,326,337,放射熱は<span class='word'>フクシャ</span>熱ともいう。,輻射,①ある一点から周囲に放射すること。放射。②熱・電波などが物体から四方に放射する現象。放射。※輻射熱＝輻射によって伝えられる熱。放射熱。
精選演習,327,338,<span class='word'>キシ</span>鮮明なる政見を打ち出す。,旗幟,①昔、戦場で自分の存在をはっきりさせるために立てた、はたとのぼり。はたじるし。②態度。主義主張。
精選演習,328,339,己の醜さを知り<span class='word'>キシ</span>する思いだった。,愧死,はずかしさのあまり死ぬこと。また、死にたくなるほどはずかしいこと。慙死。
精選演習,329,340,毒杯を<span class='word'>アオ</span>り絶命した。,呷,酒などを一気に飲む。
精選演習,330,341,巨額の資金投入で相場を<span class='word'>アオ</span>る。,煽、扇,①うちわなどで風を送り、火の勢いを強める。あおぐ。②ゆり動かす。③たきつける。④活気づかせる。⑤あぶみでウマの腹を覆う障泥を打ち、ウマを急がせる。
精選演習,331,342,雷の如き<span class='word'>カンセイ</span>を立てて睡っている。,鼾声,いびきの音。
精選演習,332,343,巧妙に仕組まれた<span class='word'>カンセイ</span>に嵌まった。,陥穽,①落とし穴。わな。②人を陥れる計略。
精選演習,333,344,人混みで財布を<span class='word'>ス</span>り取られた。,掏,人が身につけている金品を、手探りでかすめ取る。
精選演習,334,345,山椒の木の<span class='word'>ス</span>り粉木を使う。,擂、摺,すりばちや石うすなどに入れ、細かく砕きつぶす。※擂り粉木＝すりばちに入れた物をすりつぶすのに使う棒。れんぎ。あたりぎ。
精選演習,335,346,<span class='word'>カヤ</span>の碁盤を注文した。,榧,イチイ科の常緑高木。山野に自生。葉は平たい線形で、先がとがる。種子は油の原料、また食用・薬用とする。材は高級な碁盤や将棋盤の材料に用いる。
精選演習,336,347,茶室の屋根を<span class='word'>カヤ</span>葺きにする。,茅、萱,イネ科・カヤツリグサ科の植物の総称。チガヤ、ススキ、スゲなど。屋根をふくのに用いる。
新星出版社 2025年度版,8,348,ぎっくり腰になり苦痛に<span class='word'>ウメ</span>く。,呻,①痛みや苦しみのあまり、うなり声をだす。②感嘆してうなる。③苦心して詩歌を作る。苦吟する。
新星出版社 2025年度版,13,349,不快な思いが心の中に<span class='word'>ワダカマ</span>る。,蟠、磐、盤,①複雑な感情が心のなかに残ってさっぱりしない。気が晴れない。②輪のようにうずまく。曲がりくねってとぐろをまく。
新星出版社 2025年度版,17,350,古書市で<span class='word'>キコウ</span>本を探す。,稀覯、希覯,めったに見られないこと。非常に珍しいこと。
新星出版社 2025年度版,19,351,暴力に<span class='word'>ヒル</span>まず立ち向かう。,怯,おじけづき、気力がなえる。
新星出版社 2025年度版,22,352,<span class='word'>シンピョウセイ</span>が高い史料である。,信憑性,信頼してよりどころとすること。
新星出版社 2025年度版,23,353,コンディションは<span class='word'>スコブ</span>る良い。,頗,たいそう。非常に。
新星出版社 2025年度版,30,354,緋の<span class='word'>モウセン</span>に腰を下ろす。,毛氈,獣毛に熱や圧力を加えて、繊維を織物のように仕上げたもの。フェルト状で、敷物用。
新星出版社 2025年度版,34,355,壁に<span class='word'>モタ</span>れて物思いに耽る。,凭、靠,①体の重みをあずけ寄りかかる。頼りにする。②食物が胃に残り、重苦しく感じる。
新星出版社 2025年度版,35,356,パソコンの画面に目を<span class='word'>ス</span>える。,据,物を、ある場所に動かないように置く。
新星出版社 2025年度版,36,357,長い黒髪を<span class='word'>ス</span>く。,梳,髪にくしを通す。髪をとかす。くしけずる。
新星出版社 2025年度版,45,358,親の権威を<span class='word'>カサ</span>に着る道楽息子。,笠,①頭にかぶり、雨・雪や日光などを防ぐもの。かぶり笠。②①の形をしたもの。③まもりかばうもののたとえ。
新星出版社 2025年度版,49,359,<span class='word'>リンレツ</span>な寒気に襲われる。,凜冽、凜烈,寒気が厳しく身にしみ入るさま。
新星出版社 2025年度版,50,360,<span class='word'>キッコウ</span>する二つの勢力が争う。,拮抗、頡頏,①鳥が飛び上がり、また飛び降りること。②張り合うこと。人に屈しないこと。
新星出版社 2025年度版,51,361,<span class='word'>ルイセツ</span>と囹圄の苦を受ける。,縲絏、縲紲,罪人として獄に入れられること。縄目にかかること。
新星出版社 2025年度版,52,362,<span class='word'>キョウゲキ</span>な思想は危険を孕む。,矯激,人や物事の性質が普通でなく激しいさま。
新星出版社 2025年度版,53,363,肩の<span class='word'>シコ</span>りを指でほぐす。,痼、凝,①筋肉が凝ってかたくなること。また、そのかたまり。②もめごとのあとの気まずい感じ。わだかまり。
新星出版社 2025年度版,54,364,<span class='word'>サナギ</span>から蝶になって飛び立つ。,蛹,完全変態をする昆虫類の発育の一段階。幼虫が成虫になる前に、食物をとらずかたい殻でおおわれてじっとしているもの。蛹虫。
新星出版社 2025年度版,55,365,王位継承を巡り<span class='word'>ナイコウ</span>が起こる。,内訌,内部でもめること。うちわもめ。内紛。
新星出版社 2025年度版,56,366,狂ったように<span class='word'>イナナ</span>き始めた。,嘶,ウマが声高く鳴く。
新星出版社 2025年度版,57,367,陶芸家の<span class='word'>リュウゼン</span>する貴重な茶碗だ。,流涎,①よだれを流すこと。垂涎。②あるものを非常に食べたい、欲しいと思うことのたとえ。垂涎。
新星出版社 2025年度版,59,368,暴風で船が<span class='word'>カクザ</span>する。,擱坐、擱座,①船が浅瀬に乗りあげること。座礁。②戦車などがこわれて動けなくなること。
新星出版社 2025年度版,64,369,命綱に<span class='word'>スガ</span>り付いて助かった。,縋,①つかまって支えにする。しがみつく。②助けを求める。頼りとする。
新星出版社 2025年度版,67,370,陶芸の<span class='word'>ウンオウ</span>を究めた達人だ。,蘊奥,学問・知識、また、技芸などの奥深いところ。極意、奥義。
新星出版社 2025年度版,73,371,申し入れを<span class='word'>ニベ</span>もなく断られた。,鮸膠、鰾膠,①ニベ科の魚の鰾を原料にした膠。粘着力が強い。②愛想。世辞。
新星出版社 2025年度版,77,372,会場内は熱狂の<span class='word'>ルツボ</span>と化す。,坩堝、坩、堝,①金属などを入れて溶かす耐熱性の容器。②大勢の人が熱狂した状態のたとえ。③種々のものが入り混じる状態のたとえ。
新星出版社 2025年度版,83,373,任務を<span class='word'>カンスイ</span>し責任を果たす。,完遂,最後までやりとおすこと。物事を完全になし遂げること。
新星出版社 2025年度版,85,374,鶴<span class='word'>キュウコウ</span>に鳴き 声天に聞こゆ。,九皐,鶴九皐に鳴き声天に聞こゆ＝すぐれた人物は、隠れていてもその名声が遠くまで知れ渡ることのたとえ。
新星出版社 2025年度版,86,375,実践<span class='word'>キュウコウ</span>し手本を示す。,躬行,実践躬行＝理論や主義を自分自身で実際に行うこと。
新星出版社 2025年度版,88,376,<span class='word'>サヤ</span>豌豆を料理する。,莢,マメ科植物の種子を包んでいる殻。
新星出版社 2025年度版,89,377,<span class='word'>シンキ</span>採用の人数を増やす。,新規,①新しくすること。新しく始めること。②新しい規則や決まり。
新星出版社 2025年度版,91,378,糸の切れた<span class='word'>タコ</span>のようだ。,凧、紙鳶,細い竹を組んで紙を貼り、糸をつけて空に揚げるおもちゃ。いかのぼり。
新星出版社 2025年度版,95,379,<span class='word'>ソウボウ</span>から涙がこぼれ落ちた。,双眸,両方のひとみ。両眼。
新星出版社 2025年度版,96,380,異様な<span class='word'>ソウボウ</span>で現れる。,相貌,①顔かたち。容貌。②物事のようす。様相。
新星出版社 2025年度版,110,381,大棟の両端に<span class='word'>シビ</span>がある古寺。,鴟尾、鵄尾、蚩尾,宮殿や仏殿などの棟の両端にとりつける飾り。鳥の尾または魚が尾をはね上げた形という。後世のしゃちほこなどの原型。
新星出版社 2025年度版,112,382,努力はするが<span class='word'>ウダツ</span>が上がらない。,梲,家の梁の上に立て、棟木を支える短い柱。※梲が上がらぬ＝それなりの努力はしても運がなく、いつまでたってもよい境遇になれないこと。出世しない。
新星出版社 2025年度版,114,383,非難される<span class='word'>イワ</span>れはない。,謂,①理由。わけ。②由来。由緒。いわく。
新星出版社 2025年度版,116,384,身近な事象から<span class='word'>エンエキ</span>して記す。,演繹,①一つのことから他のことへおし広げて述べること。②一般的な原理から特殊な原理を論理によって導き出すこと。
新星出版社 2025年度版,118,385,弱い者を<span class='word'>イジ</span>めるとは情けない。,苛,①弱いものを苦しめ、痛めつける。つらく当たる。さいなむ。②ことさらに厳しく扱う。
新星出版社 2025年度版,119,386,<span class='word'>ガジュン</span>な筆致で読みやすい文章。,雅馴,文章や言葉づかいなどが上品で正しく、よく練れていること。
新星出版社 2025年度版,123,387,<span class='word'>ギガク</span>とは無言仮面劇のこと。,伎楽,仮面をかぶり、楽器演奏に合わせて無言で踊る劇。古代インドで発生し、わが国へは百済から伝えられたという。呉楽（くれガク）。
新星出版社 2025年度版,127,388,落札価格は<span class='word'>ケタ</span>外れの数字だった。,桁,桁外れ＝規格・標準を大きくこえていること。けたちがい。並はずれ。
新星出版社 2025年度版,130,389,<span class='word'>サジ</span>加減でどうにでもなる。,匙、匕,匙加減＝薬の調合具合。転じて、心くばりの度合い。手加減。
新星出版社 2025年度版,133,390,汚れて<span class='word'>イシュウ</span>を放つ川を浚う。,異臭,変なにおい。いやなにおい。悪臭。
新星出版社 2025年度版,134,391,小さな工場が下町に<span class='word'>イシュウ</span>する。,蝟集,ハリネズミの毛のように、多くの物が一か所にあつまること。雲集、密集。
新星出版社 2025年度版,135,392,<span class='word'>ウ</span>の花が群れ咲く初夏になった。,卯,卯の花＝①ウツギの花。また、ウツギの別称。初夏、白い小花が群れ咲く。②①に似ることから、豆腐を作るときにできるしぼりかす。おから。きらず。
新星出版社 2025年度版,136,393,マスコミ報道を<span class='word'>ウ</span>吞みにしない。,鵜,鵜吞み＝①食べ物をかまないで、のみこむこと。②物事を十分に検討しないで、そのまま受け入れること。
新星出版社 2025年度版,137,394,没落した旧家を再び<span class='word'>オコ</span>す。,興,①勢いなどが盛んになる。②新たに始まる。
新星出版社 2025年度版,138,395,炭火を<span class='word'>オコ</span>して鰻を焼く。,熾,炭に火を移して、炭火の勢いをさかんにする。
新星出版社 2025年度版,139,396,大洋底の細長い凹所が<span class='word'>カイコウ</span>だ。,海溝,海底が特に深くみぞ状にくぼんだ所。水深六〇〇〇メートル以上をいうことが多い。
新星出版社 2025年度版,140,397,思いがけなく旧友と<span class='word'>カイコウ</span>した。,邂逅,思いがけず出あうこと。運命的な出あい。めぐりあい。
新星出版社 2025年度版,141,398,<span class='word'>ガイシ</span>は電流を絶縁する器具。,碍子,電線を絶縁して電柱に固定するための陶磁器製や合成樹脂製の器具。
新星出版社 2025年度版,142,399,「<span class='word'>ガイシ</span>の誤り」を心して文を書く。,亥豕,亥豕の誤り＝文字の書き誤りのこと。「亥」と「豕」の字形が似ているので書き誤りやすいことから。「亥豕の譌」ともいう。魯魚亥豕、魯魚章草、三豕渡河。
新星出版社 2025年度版,143,400,合格の吉報を<span class='word'>カクシュ</span>して待つ。,鶴首,鶴のように首を長くして、物事の到来を待ちわびること。
新星出版社 2025年度版,144,401,不況で<span class='word'>カクシュ</span>された後輩を雇う。,馘首,雇い主が雇っている人をやめさせること。首切り。解雇。免職。
新星出版社 2025年度版,145,402,社内改革に<span class='word'>オオナタ</span>を振るった。,大鉈,大きな、なた。※大鉈を振るう＝思いきって切るべきものは切って整理をする。
新星出版社 2025年度版,146,403,道の真ん中で<span class='word'>ウズクマ</span>る。,蹲、踞,①しゃがんでひざを曲げ、体を小さく丸くする。②動物が前足をそろえ、折り曲げてすわる。
新星出版社 2025年度版,147,404,<span class='word'>クズアン</span>を使った料理を好む。,葛餡,醤油や砂糖で味つけした汁に、水で溶いた葛粉を加え、とろ火で煮た食品。あんかけやたれとして用いる。葛だまり。
新星出版社 2025年度版,148,405,<span class='word'>クビキ</span>を逃れるべく行動した。,軛、衡、頸木,①車の轅の先につけ、牛馬のくびにあてて車をひかせる横木。②自由を束縛するもののたとえ。
新星出版社 2025年度版,149,406,民衆の<span class='word'>イビ</span>たる様が見て取れる。,萎靡,なえてしおれること。元気がなくなること。萎縮。
新星出版社 2025年度版,150,407,暖炉に薪を<span class='word'>ク</span>べる。,焼,燃やすために、物を火のなかに入れる。たく。
新星出版社 2025年度版,152,408,<span class='word'>ギセイ</span>世帯の定義を知る。,擬制,法律用語で、性質の異なるものを同一のものとみなして、同じ扱いをすること。窃盗罪で電気を物とみなす類。本来は、なぞらえさだめる意。
新星出版社 2025年度版,153,409,<span class='word'>エンマチョウ</span>を想像する。,閻魔帳,①死者の生前の善悪が書いてあり、閻魔大王がそれを見て審判を下すという帳面。②教師が受け持ちの生徒の成績・品行などを記しておく帳面。③警察官がもっている手帳。
新星出版社 2025年度版,154,410,<span class='word'>ガンジガラ</span>めで動けなくなる。,雁字搦,①縄・ひもなどを、左右天地から何重にも巻きからめること。②たくさんの精神的束縛を受けて、身動きがとれないこと。
新星出版社 2025年度版,155,411,兄の眼が<span class='word'>ランラン</span>と光る。,爛爛,①きらきらと光り輝くさま。②眼光が鋭く光るさま。
新星出版社 2025年度版,156,412,大量のチラシを<span class='word'>バラマ</span>く。,散蒔、散撒,①あちこちにまき散らす。②金品を多くの人に気前よく分け与える。
新星出版社 2025年度版,158,413,<span class='word'>フコ</span>を殺める。,不辜,罪がないこと。無実の罪。また、無実の罪をかぶせられた人。無辜。
新星出版社 2025年度版,159,414,そろそろ<span class='word'>ウラボンエ</span>の時期だ。,盂蘭盆会,仏教で七月十五日に祖先の霊をまつり冥福を祈る行事。
新星出版社 2025年度版,160,415,<span class='word'>セキレキ</span>とした様を描く。,淅瀝,風雨や霰・落ち葉などがたてる寂しげな音のさま。
新星出版社 2025年度版,162,416,<span class='word'>キュウサン</span>のような拍手を聞く。,急霰,急に降り出すあられ。また、その音。
新星出版社 2025年度版,163,417,咄嗟に<span class='word'>キホウ</span>をかわす。,機鋒,①刀剣などの切っ先。ほこさき。②鋭い攻撃の勢い。
新星出版社 2025年度版,165,418,<span class='word'>リョウジ</span>乍ら進言する。,聊爾,①かりそめ。②ぶしつけで失礼なさま。
新星出版社 2025年度版,166,419,<span class='word'>ヘキスウチ</span>に家を建てる。,僻陬地,へんぴな土地。僻地。
新星出版社 2025年度版,167,420,外科手術で<span class='word'>ケッサツ</span>する。,結紮,糸などで結ぶこと。特に、止血などのために血管などを縛って結ぶこと。
新星出版社 2025年度版,168,421,<span class='word'>トシトクジン</span>を礼拝する社だ。,歳徳神、年徳神,陰陽道で、その年の福徳をつかさどる神。この神のいる方角を恵方といい、万事に吉とする。恵方神、歳神。
新星出版社 2025年度版,169,422,<span class='word'>カノエイヌ</span>は干支の一つである。,庚戌,十干十二支。
新星出版社 2025年度版,170,423,<span class='word'>アミダクジ</span>で順番が決まった。,阿弥陀籤,出費する人数に合わせて引いた平行線の一端に異なる金額を書いて隠しておき、各自が引き当てた金額を出し合う仕組みのくじ。今日では平行線の間に横線を入れることが多い。
新星出版社 2025年度版,171,424,世間を<span class='word'>マンチャク</span>した罪は重い。,瞞着、瞞著,あざむくこと。だますこと。ごまかすこと。
新星出版社 2025年度版,172,425,大臣の<span class='word'>フウカン</span>に耳を傾ける。,諷諫,それとなく忠告すること。遠回しにいさめること。また、その忠告やいさめの言葉。
新星出版社 2025年度版,173,426,数人の<span class='word'>ホウカン</span>が入室する。,幫間,宴席などに出て客の機嫌をとり、座をにぎわすことを職業とする男性。
新星出版社 2025年度版,174,427,<span class='word'>コウロ</span>を囲んで話をする。,紅炉,火が盛んに燃えているいろり。
新星出版社 2025年度版,175,428,喫煙は<span class='word'>ハツガン</span>のリスクが高い。,発癌,癌が発生すること、また、発生させること。
新星出版社 2025年度版,177,429,話に<span class='word'>オヒレ</span>を付けて話す癖がある。,尾鰭,①魚の本体ではない尾とひれ。②本体以外に付け加わったもの。
新星出版社 2025年度版,178,430,郷里に<span class='word'>ヒッソク</span>し静かに暮らす。,逼塞,①八方ふさがりであること。どうにも動きがとれないこと。逼迫。②落ちぶれて、世間をはなれてひっそりと暮らすこと。③江戸時代の武士や僧侶に科した、昼間の外出を禁止する刑。
新星出版社 2025年度版,181,431,<span class='word'>ギガ</span>は風刺を含んだ滑稽な絵だ。,戯画,①遊び半分で描いた絵。②世の中を風刺したり、誇張したりして描いた滑稽な絵。
新星出版社 2025年度版,182,432,その山容は<span class='word'>ギガ</span>として険しかった。,巍峨,山などの高くそびえるさま。そびえ立ってけわしいさま。
新星出版社 2025年度版,185,433,切り株に躓き<span class='word'>コ</span>けてしまった。,倒、転,①ころぶ。倒れる。②興行があたらず、不入りに終わる。
新星出版社 2025年度版,186,434,げっそりと頰が<span class='word'>コ</span>ける。,痩,肉が落ちて、やせ細る。
新星出版社 2025年度版,187,435,<span class='word'>カジカ</span>蛙は谷川の岩間に棲む。,河鹿,「カジカガエル」の略。アオガエル科のカエル。渓流にすみ、初夏、雄は美しい声で鳴く。
新星出版社 2025年度版,188,436,渓流で<span class='word'>カジカ</span>釣りを楽しんだ。,鰍、鮖、杜父魚,カジカ科の淡水魚。
新星出版社 2025年度版,189,437,長編小説に<span class='word'>コウガイ</span>を添付する。,梗概,文章や事件のあらまし。あらすじ。概要。
新星出版社 2025年度版,190,438,悪人の跋扈を<span class='word'>コウガイ</span>し悲しむ。,慷慨,①世の中の不正などをいきどおり嘆くこと。②意気盛んなこと。
新星出版社 2025年度版,193,439,耳を<span class='word'>ツンザ</span>く声が聞こえる。,劈、擘,手や爪で強くやぶる。転じて、激しい勢いでひきさく。
新星出版社 2025年度版,194,440,彼女が<span class='word'>サンサン</span>と涙を流す。,潸潸,①涙がはらはらと流れるさま。潸然。②雨がぱらぱらと降るさま。
新星出版社 2025年度版,195,441,不正を<span class='word'>テッケツ</span>する所存だ。,剔抉,えぐり出すこと。また、悪事などをあばくこと。
新星出版社 2025年度版,196,442,各所で<span class='word'>サイシ</span>が執り行われる。,祭祀,神や祖先の霊をまつること。また、その儀式や祭り。祭典、祭礼。
新星出版社 2025年度版,197,443,<span class='word'>ギョジ</span>が押された文書がある。,御璽,詔書などに押す天皇の印。現在の物は一八七四（明治七）年から用いられ、黄金製、文字は篆書体で刻まれている。玉璽。
新星出版社 2025年度版,198,444,宴<span class='word'>タケナワ</span>を迎えることとなる。,闌、酣,酒宴が最高潮のとき。転じて、物事の勢いが最も盛んなとき。まっさかり。まっさいちゅう。
新星出版社 2025年度版,199,445,凶暴な相手を<span class='word'>ケシカ</span>ける。,嗾,①人をそそのかしたりあおったりして、自分に都合のよいように行動させる。②動物が相手に向かって攻撃するように仕向ける。
新星出版社 2025年度版,200,446,見事な<span class='word'>ドンス</span>の帯。,緞子,練り糸で織った、厚地で光沢のある絹織物。帯や羽織の裏地用。
新星出版社 2025年度版,201,447,日々<span class='word'>ケンサン</span>を怠らない。,研鑽,学問などを深くきわめること。地道に研究を続けること。
新星出版社 2025年度版,203,448,朝のうちに<span class='word'>ヨシズ</span>を出す。,葭簀、葦簀、葦簾,アシの茎で編んだすだれ。日よけなどに用いる。よしすだれ。
新星出版社 2025年度版,204,449,<span class='word'>バイリン</span>の季節になった。,梅霖,「梅雨」に同じ。六月（陰暦では五月）ころ、長く降り続く雨。また、その季節。五月雨。
新星出版社 2025年度版,206,450,買ったばかりの<span class='word'>シオリ</span>を使う。,栞,①読みかけの書物に目印としてはさむもの。②物事についての案内書。手引き。
新星出版社 2025年度版,207,451,<span class='word'>ユウスイ</span>なる山々を見やる。,幽邃,景色などが奥深く静かなこと。また、そのさま。
新星出版社 2025年度版,209,452,<span class='word'>シンシ</span>とした木々も一興だ。,参差,互いに入りまじるさま。また、高低・長短などがあって、ふぞろいなさま。
新星出版社 2025年度版,210,453,人目を<span class='word'>ハバカ</span>って生きる。,憚,①差し障りがあるとしてひかえる。遠慮する。②幅をきかす。のさばる。
新星出版社 2025年度版,211,454,<span class='word'>センモウ</span>となり病院に運ばれる。,譫妄,意識障害の一種。意識が混濁し、錯覚や妄想などを伴う。認知症・アルコール依存症などに見られる。
新星出版社 2025年度版,212,455,強い<span class='word'>マナジリ</span>に驚く。,眥、睚,めじり。
新星出版社 2025年度版,214,456,小さな我が子を<span class='word'>カシズ</span>く。,傅,そばに付き添ってたすける。人に仕えて大切に世話をする。
新星出版社 2025年度版,215,457,<span class='word'>ヒ</span>ねた考え方の少年だ。,陳,①古くなる。年を経て古びる。②大人びる。ませる。
新星出版社 2025年度版,216,458,圧倒的な<span class='word'>リョリョク</span>を振るう。,膂力,背骨の力。筋肉の力。また、体力。腕力。
新星出版社 2025年度版,217,459,公爵に<span class='word'>シセキ</span>することとなる。,咫尺,①きわめて近い距離。②貴人に間近で会うこと。③短いこと。簡単なこと。
新星出版社 2025年度版,218,460,<span class='word'>インシン</span>を極めた都がある。,殷賑,非常ににぎやかで、活気にあふれること。繁華。
新星出版社 2025年度版,219,461,<span class='word'>ゾウヨウ</span>を課せられ民が苦しむ。,雑徭,律令制で、令で定められた歳役のほかに、国司によって公民に課せられた労役。正丁は1年に60日、次丁は30日、中男は15日を限度とし、土木工事などに従った。ざつよう。
新星出版社 2025年度版,220,462,炎天下で<span class='word'>ツルハシ</span>を振り上げる。,鶴嘴,かたい土砂などを掘り起こすのに使う道具。柄の先に、両端がツルのくちばしのようにとがった鉄器をつけたもの。
新星出版社 2025年度版,221,463,屋敷で<span class='word'>メイエン</span>を催す。,茗宴,茶会。茶をたてて客をもてなす茶の湯の会。
新星出版社 2025年度版,222,464,<span class='word'>フンユ</span>に足を踏み入れる。,枌楡,①ニレの木。②神聖な場所。神社。③郷里。
新星出版社 2025年度版,223,465,隣国と<span class='word'>キンタン</span>を啓く。,釁端,
新星出版社 2025年度版,225,466,旅行<span class='word'>カタガタ</span>墓参をする。,旁,①ついでに。一方では。②…をかねて。…がてら。
新星出版社 2025年度版,226,467,こうだと決めたら<span class='word'>テコ</span>でも動かない。,梃、梃子,ある点を支点にし、そこを中心に小さな力で大きな物を動かす方法。また、そのために用いる棒。
新星出版社 2025年度版,227,468,旧来の<span class='word'>カンコウ</span>に従う。,慣行,①古くから行われてきたしきたり。ならわし。慣習。②日常的に続いている事柄。習慣。
新星出版社 2025年度版,228,469,公表するまで<span class='word'>カンコウ</span>令を敷く。,箝口、鉗口、拑口,①口をつぐんで、ものを言わないこと。②何も言わせないこと。
新星出版社 2025年度版,231,470,吉事と凶事に使う<span class='word'>ケイチョウ</span>費。,慶弔,よろこび祝うことと、悲しみとむらうこと。
新星出版社 2025年度版,232,471,<span class='word'>ケイチョウ</span>浮薄な風潮を悲しむ。,軽佻,軽佻浮薄＝考えが軽薄でうわついていること。
新星出版社 2025年度版,233,472,恭しく宮中に<span class='word'>シコウ</span>する。,伺候,①つつしんで貴人のそば近く仕えること。また、その人。②つつしんでご機嫌うかがいに上がること。
新星出版社 2025年度版,235,473,作家としての<span class='word'>セイカ</span>を高めた小説。,声価,人や物事に対する世の中の評判や評価。名声。評判。
新星出版社 2025年度版,236,474,<span class='word'>セイカ</span>丹田に力を込める。,臍下,臍下丹田＝へその三寸下あたりのところ。
新星出版社 2025年度版,237,475,伽羅は<span class='word'>シンゲン</span>として静寂だった。,森厳,いかめしくおごそかなさま。
新星出版社 2025年度版,238,476,<span class='word'>シンゲン</span>は戒めとなる短句である。,箴言,いましめの言葉。教訓となる格言。
新星出版社 2025年度版,239,477,薬草を<span class='word'>セン</span>じて飲む。,煎,薬草や茶などの成分をよく煮出す。
新星出版社 2025年度版,240,478,今さら白状しても<span class='word'>セン</span>ないことだ。,詮,詮無い＝何かをしても報いられない。かいがない。
新星出版社 2025年度版,241,479,集団から<span class='word'>ハグ</span>れてしまう。,逸,①連れの人を見失って離れる。②機会を失う。しそこなう。
新星出版社 2025年度版,242,480,先ほどの発言を<span class='word'>イブカ</span>る。,訝,あやしい。うたがわしい。不審なさま。
新星出版社 2025年度版,243,481,<span class='word'>ユカン</span>の方法を知る。,湯灌,仏葬で、遺体を納棺の前に湯でふき清めること。湯洗。
新星出版社 2025年度版,244,482,<span class='word'>ヒトサラ</span>いが起きたとの噂だ。,人攫、人掠,女性や子供をだまし、無理やり連れ去ること。また、その者。
新星出版社 2025年度版,245,483,この結果は<span class='word'>ギャクト</span>し難い。,逆睹、逆覩,あらかじめ見通しをつけること。
新星出版社 2025年度版,246,484,耳鼻<span class='word'>インコウ</span>科を探す。,咽喉,①咽頭と喉頭。のど。②転じて、重要な通路。必ず通らなければならない場所。大切な場所。
新星出版社 2025年度版,247,485,<span class='word'>フツゼン</span>として立ち上がる。,怫然,むっとして怒りを表すさま。むっとして顔色を変えるさま。
新星出版社 2025年度版,248,486,相手に<span class='word'>ニジ</span>り寄る。,躪,①座ったまま、ひざを地に押しつけて進む。②押しつけてすり動かす。じりじりと押しつぶす。
新星出版社 2025年度版,249,487,重要な<span class='word'>リンギ</span>を起案する。,稟議,ヒンギ官庁や会社などで、会議を開くほど重要な事項ではない場合に、担当者が文案を関係者に回覧し承認を得ること。
新星出版社 2025年度版,250,488,大量の<span class='word'>ソダ</span>を運ぶ。,粗朶、麤朶,切り取った木の枝。
新星出版社 2025年度版,251,489,<span class='word'>ヨセンカイ</span>で歌うことになった。,予餞会,卒業や旅立ちなどの前に行う、はなむけの送別会。
新星出版社 2025年度版,252,490,何も<span class='word'>ヤマ</span>しいことはしていない。,疚、疾,良心に恥じるところがあり、うしろめたい。気がとがめる。
新星出版社 2025年度版,253,491,腸脛に<span class='word'>ケイレン</span>を起こす。,痙攣,筋肉が急激に収縮し、ひきつること。ひきつり。
新星出版社 2025年度版,254,492,大事な問題を<span class='word'>ワイショウ</span>化する。,矮小,①背が低く、小さいこと。②つまらないこと。規模の小さいこと。
新星出版社 2025年度版,256,493,神事を行う前に<span class='word'>ミソギ</span>をする。,禊,神事の前などに川などの水で体を洗い清め、身のけがれを除くこと。
新星出版社 2025年度版,257,494,高い吊り橋の上で立ち<span class='word'>スク</span>む。,竦,恐ろしさや緊張で体がこわばって動かなくなる。身がちぢむ。
新星出版社 2025年度版,258,495,転んで膝に<span class='word'>アザ</span>ができた。,痣、黶,内出血や色素の沈着などにより、皮膚にできる赤・青・紫などの変色部分。
新星出版社 2025年度版,261,496,<span class='word'>バンソウコウ</span>で傷口を保護する。,絆創膏,傷口を保護したり傷口につけたガーゼなどを固定したりする、粘着性のある布や紙。
新星出版社 2025年度版,267,497,長湯をして<span class='word'>ウ</span>だってしまった。,茹,①ゆであがる。熱湯で煮られる。また、熱い湯に入ってのぼせる。②暑さのために体がぐったりする。
新星出版社 2025年度版,268,498,<span class='word'>ホウレン</span>草をお浸しにする。,菠薐、法蓮、鳳蓮,菠薐草＝アカザ科の二年草。西アジア原産。野菜として世界各地で栽培。ビタミンＡ・Ｃや鉄分などに富み、代表的な緑黄色野菜。
新星出版社 2025年度版,270,499,<span class='word'>バラ</span>には香気も棘もある。,薔薇,バラ科のつる性または直立低木の創傷。世界各地で観賞用に栽培され、品種も多い。幹や枝にとげがあり、香気のある美しい花をつける。
新星出版社 2025年度版,271,500,味噌仕立ての<span class='word'>シジミ</span>汁を飲む。,蜆,シジミ科の二枚貝の総称。湖沼や河川など淡水の砂地にすむ。アサリより小さく、殻は黒褐色。食用。
新星出版社 2025年度版,273,501,<span class='word'>チッキョ</span>閉門の刑に処される。,蟄居,①虫が地中にこもること。蟄伏。②家に閉じこもって外出しないこと。蟄伏。③江戸時代、武士以上に与えられた刑の一つで、閉門のうえ外出を禁止し、一室にこもって謹慎させること。
新星出版社 2025年度版,277,502,長身<span class='word'>ソウク</span>の力士は珍しい。,痩軀,やせ細っている身体。痩身。
新星出版社 2025年度版,278,503,志を捨て、権力者の<span class='word'>ソウク</span>となる。,走狗,①獣を追いかける猟犬。②人の手先となって働く者。手下。
新星出版社 2025年度版,279,504,左右に高層ビルが<span class='word'>タイジ</span>している。,対峙,①山などが競い合うようにそびえ立っていること。②対立する二つの勢力が、にらみ合っていること。
新星出版社 2025年度版,280,505,母体は健康で<span class='word'>タイジ</span>の発育もよい。,胎児,母親の胎内にある子。
新星出版社 2025年度版,281,506,大地震で<span class='word'>トウカイ</span>した高速道路。,倒壊、倒潰,建物などが、たおれてこわれること。
新星出版社 2025年度版,283,507,平和記念公園は<span class='word'>バクシン</span>地にある。,爆心,爆発や爆撃の中心地点。
新星出版社 2025年度版,284,508,<span class='word'>バクシン</span>する蒸気機関車を撮る。,驀進,非常な勢いで、まっしぐらに進むこと。
新星出版社 2025年度版,285,509,餌を啄む鶏の<span class='word'>ヒナ</span>。,雛,①生まれて間もない鳥の子。ひなどり。②衣服を着せて女の子の玩具とした人形。のちに、ひな祭りに飾る人形となった。雛人形。
新星出版社 2025年度版,286,510,都から<span class='word'>ヒナ</span>に流謫された。,鄙,都から遠く離れた土地。田舎。郊外。
新星出版社 2025年度版,287,511,<span class='word'>ミョウガ</span>に余る御利益を授かる。,冥加,①気づかずに受けている、神仏の加護。冥助、冥利。②幸運に恵まれること。③「冥加金」の略。①の礼として寺社に納める金銭。また、商売の許可の礼として幕府に納めた金銭。
新星出版社 2025年度版,288,512,<span class='word'>ミョウガ</span>を薬味として使う。,茗荷,ショウガ科の多年草。熱帯アジア原産で、暖地の山林に野生化。また、栽培もする。夏、根元から淡赤褐色の苞に包まれた花穂を出し淡黄色の花が咲く。若い花穂と若芽は食用。メガ。
新星出版社 2025年度版,290,513,<span class='word'>コツコツ</span>と勉強を進める。,兀兀、矻矻,①たゆまずに精を出して働くさま。②疲れ果てるさま。
新星出版社 2025年度版,291,514,<span class='word'>ギジョウヘイ</span>が元首を警護する。,儀仗兵,儀礼や護衛のために、貴人・賓客などにつける兵隊。特に、式典などで活動する。
新星出版社 2025年度版,292,515,建物に重大な<span class='word'>カシ</span>が見つかる。,瑕疵,①きず。欠点。②法的に欠陥や欠点があり、完全な条件を備えていない状態。
新星出版社 2025年度版,293,516,澄んだ夜空に<span class='word'>スバル</span>が輝く。,昴,牡牛座にあるプレアデス星団の和名。肉眼では六つの星が確認できる。二十八宿の一つ。六連星（むつらぼし）。昴宿、昴星。
新星出版社 2025年度版,294,517,<span class='word'>トウイス</span>に腰掛け、庭を眺める。,籐椅子、籐倚子,トウの茎を編んで作ったいす。
新星出版社 2025年度版,296,518,<span class='word'>フゲキ</span>が一心に祈禱を行う。,巫覡,かんなぎの総称。祈禱をしたり舞を踊ったりして、神を招いて神の託宣を告げる人。
新星出版社 2025年度版,297,519,<span class='word'>ス</span>えたような臭いが立ち込める。,饐,食物が腐ってすっぱくなる。
新星出版社 2025年度版,298,520,<span class='word'>トウツウ</span>の原因を調べる。,疼痛,ずきずきとうずくように痛むこと。また、その痛み。
新星出版社 2025年度版,299,521,<span class='word'>イダテン</span>の如き速さだ。,韋駄天,①仏法や寺院の守護神。足が非常に速いといわれる。②足の非常に速い人のたとえ。
新星出版社 2025年度版,300,522,殿の前に<span class='word'>ヒザマズ</span>く。,跪,両ひざを地や床につけてももを立て、身をかがめる。敬意などを表す。
新星出版社 2025年度版,301,523,<span class='word'>カイギャク</span>を弄する人物だ。,諧謔,ちょっとした冗談。おどけ。しゃれ。ユーモア。おどけた話や言葉。
新星出版社 2025年度版,302,524,<span class='word'>ノシ</span>を付けるよう依頼した。,熨斗、熨,①「火熨斗」の略。炭火の熱でしわをのばす器具。②「熨斗鮑」の略。紅白の色紙を折り、熨斗鮑に模した黄色い紙を入れて進物に添える。
新星出版社 2025年度版,304,525,その評論は<span class='word'>コウケイ</span>に中っている。,肯綮,物事の急所。重要な点。
新星出版社 2025年度版,305,526,<span class='word'>デガ</span>らしのお茶を出す。,出涸,
新星出版社 2025年度版,306,527,部品を本体に<span class='word'>カンニュウ</span>する。,嵌入,はまり込むこと。また、はめ込むこと。
新星出版社 2025年度版,307,528,<span class='word'>ハタ</span>と思い当たった。,礑,①強く打つようす。②険しくにらむさま。③胸にこたえたさま。
新星出版社 2025年度版,308,529,部下に<span class='word'>セイチュウ</span>を加える。,掣肘,そばから干渉して自由な活動を妨げること。
新星出版社 2025年度版,309,530,大声で<span class='word'>ドウカツ</span>されても動じない。,恫喝、恫愒,おどして、怖がらせること。おどかし。脅迫。
新星出版社 2025年度版,310,531,幼子が<span class='word'>アカダナ</span>に花を供える。,閼伽棚,閼伽桶・閼伽坏や花などを置く棚。
新星出版社 2025年度版,311,532,館内は<span class='word'>ヒトイキ</span>れでむっとする。,人熱,人が大勢集まったために、体熱や呼吸で、熱気がこもること。
新星出版社 2025年度版,312,533,驚いて石像のように<span class='word'>チョリツ</span>する。,佇立,じっとその場にたたずむこと。しばらくの間立っていること。
新星出版社 2025年度版,313,534,<span class='word'>ルシャナ</span>仏の開眼供養が営まれる。,盧舎那、廬舎那,「毘廬舎那仏」の略。華厳経の本尊で、万物を照らす宇宙的存在の仏。
新星出版社 2025年度版,314,535,<span class='word'>テンダイ</span>の筆を揮って啓蒙に努める。,椽大,たるきほどの大きさ。
新星出版社 2025年度版,316,536,作戦に失敗し<span class='word'>フリョ</span>となった。,俘虜,「俘虜（とりこ）」に同じ。戦争で敵に捕らえられた者。いけどりになった人。捕虜。
新星出版社 2025年度版,317,537,<span class='word'>チョウシュウシャ</span>流のやり口に我慢ならない。,長袖者,長袖者流＝公卿や僧侶などのたぐい。また、それらの人々の流儀。
新星出版社 2025年度版,318,538,家庭内の不快な<span class='word'>フンウン</span>に悩む。,紛紜,物事が入り乱れるさま。また、もめ事。ごたごた。
新星出版社 2025年度版,319,539,加齢と共に舌の<span class='word'>ミライ</span>が損なわれる。,味蕾,舌の表面や口の中にあって、味覚をつかさどる器官。味覚芽。
新星出版社 2025年度版,320,540,犯人を逃して<span class='word'>ハギシ</span>りする。,歯軋,咬合の異常習癖の一つで、歯を強くこすり合わせて断続音を出すもの。睡眠中にみられる上下の歯を強くすり合わせて、特有のきしり音を生ずるタイプは、一般に睡眠の浅いときに多いといわれる。昼間無意識に行われる場合は、かみしめたり、くいしばったり、上下の歯をカチカチさせる癖となる。睡眠中に用いるナイトガードもあるが、暗示療法や咬合調整で治療できることもある。
新星出版社 2025年度版,321,541,世紀末的な<span class='word'>タイトウ</span>趣味に陶酔する。,頽唐,①くずれ落ちること。②勢力がおとろえること。③道徳が乱れること。退廃。
新星出版社 2025年度版,322,542,酒の肴に浅蜊と分葱の<span class='word'>ヌタ</span>を作る。,饅,魚介類や野菜などを酢みそであえた料理。ぬたあえ。ぬたなます。
新星出版社 2025年度版,323,543,大病を患いわずかに<span class='word'>ザンゼン</span>を保つ。,残喘,残り少ない余命。余生。残生。
新星出版社 2025年度版,324,544,<span class='word'>ザンゼン</span>として頭角を現す。,嶄然,一段と高く抜きんでているさま。ひときわ目立つさま。
新星出版社 2025年度版,325,545,驕る権力者に<span class='word'>ヒッチュウ</span>を加える。,筆誅,人の罪悪や過失などを書きたてて、責めること。
新星出版社 2025年度版,326,546,彼の博学は<span class='word'>ヒッチュウ</span>を見ない。,匹儔,同程度であること。肩を並べること。また、その相手。たぐい。仲間。匹敵。
新星出版社 2025年度版,328,547,クリスマスには<span class='word'>モミ</span>の木を飾る。,樅,マツ科の常緑高木。
新星出版社 2025年度版,333,548,<span class='word'>コウロウ</span>を経た老臣が輔弼する。,劫﨟、劫臘,長い年月。また、年功。
新星出版社 2025年度版,334,549,無為自然を尚び<span class='word'>コウロウ</span>の学を唱える。,黄老,①黄帝と老子。②「黄老の学」の略。※黄老の学＝黄帝と老子を祖とする道家の学問の総称。「老子」の思想に基づき、無為を尊ぶ前漢初期の政治思想をさす。
新星出版社 2025年度版,335,550,<span class='word'>カンタン</span>相照らし、友情が深まる。,肝胆,①肝臓と胆囊。②心のなか。心の底。また、真実の心。まごころ。※肝胆相照らす＝互いに心から理解しあって深くつきあうこと。心の底を互いに照らし合う意。
新星出版社 2025年度版,336,551,人生は<span class='word'>カンタン</span>の夢の如し。,邯鄲,①カンタン科の昆虫。山地にすむ。体は細長く、淡い黄緑色。②中国河北省の都市名。昔、都として栄えた。※邯鄲の夢＝人の世の栄華がはかないたとえ。
成美堂'23 第1回,2,552,<span class='word'>ネハン</span>に入る。,涅槃,①いっさいの煩悩を滅却した、不生不滅の悟りの境地。②死ぬこと。特に、釈迦の死。入滅。※涅槃に入る＝釈迦が入滅する。また、広く人が死ぬこと。
成美堂'23 第1回,4,553,上がり<span class='word'>カマチ</span>に腰を掛ける。,框,①床の間やゆかの端に渡す横木。かざりのはたらきもしている。②戸・障子などの周りの枠。
成美堂'23 第1回,5,554,<span class='word'>ヒヨ</span>交交の意見が出る。,誹誉,そしることとほめること。
成美堂'23 第1回,6,555,スパルタ教育を<span class='word'>ヒョウボウ</span>する。,標榜,①主義・主張を公然と掲げること。②人の善行をほめ、それを札などに記して公衆に示すこと。
成美堂'23 第1回,7,556,<span class='word'>カブリ</span>する間に不祥事が起きた。,頭,あたま。かしら。※頭する間（ま）＝きわめて短い時間。少しの間。
成美堂'23 第1回,9,557,命を<span class='word'>ナゲウ</span>って助ける。,拋、擲,①投げつける。②惜しげもなく投げ捨てる。
成美堂'23 第1回,10,558,荷物は<span class='word'>ソリ</span>で運んだ。,橇、艝、轌、毳,雪や氷の上を滑らせて、人や物を運ぶ乗り物。
